id1,JanPrec,FebPrec,MarPrec,AprPrec,MayPrec,JunPrec,JulPrec,AugPrec,SepPrec,OctPrec,NovPrec,DecPrec,Year
USC00198793,3.17,4.01,4.10,5.96,4.24,8.25,4.78,5.04,2.89,2.19,2.90,3.72,2000
USC00190408,2.82,3.31,4.26,6.89,4.23,6.51,4.91,3.57,3.97,2.48,2.88,4.12,2000
USW00004780,3.28,3.48,4.19,4.50,3.56,6.17,4.93,2.13,3.20,2.43,3.71,3.39,2000
USC00194711,4.24,4.83,6.32,6.69,4.43,3.39,4.60,3.16,3.88,1.88,4.74,4.28,2000
USC00191821,2.85,2.65,2.71,3.85,3.73,9.63,5.14,4.38,5.20,2.69,2.28,3.69,2000
USC00193401,3.35,2.69,4.14,6.30,4.14,6.24,4.19,5.08,2.72,2.12,3.00,3.92,2000
USC00193405,3.25,3.09,4.06,6.25,4.61,6.86,4.54,5.69,3.15,2.00,2.90,3.38,2000
USC00193890,3.87,3.35,4.52,6.88,2.94,6.67,4.94,1.78,4.52,3.54,4.87,5.72,2000
USC00194502,3.39,2.94,3.90,6.56,2.70,4.50,5.99,2.72,2.52,4.35,6.00,4.39,2000
USC00192451,3.94,3.63,6.60,7.34,5.34,2.88,3.78,3.24,3.02,2.67,3.24,4.06,2000
USC00194580,3.43,3.39,4.72,6.57,3.74,5.40,4.57,2.45,2.90,2.63,4.74,4.61,2000
USC00195984,4.76,3.78,5.31,6.75,4.85,3.94,3.46,2.99,3.41,1.87,4.69,5.90,2000
USC00198367,3.83,3.69,5.54,6.38,3.41,4.08,3.52,2.82,3.21,1.59,3.40,3.91,2000
USW00014775,1.78,2.81,3.02,3.83,3.62,9.40,6.10,2.46,2.85,2.08,2.89,3.19,2000
USC00193876,2.92,1.28,1.72,3.74,2.07,5.32,6.93,2.58,4.73,3.50,5.22,3.35,2000
USC00198757,3.82,3.28,4.91,5.83,3.41,6.13,3.41,2.34,3.30,2.71,4.15,4.91,2000
USC00194131,3.05,2.92,3.70,4.67,5.50,8.54,5.98,4.24,5.38,2.61,2.27,4.63,2000
USW00014756,3.21,1.97,4.47,4.71,2.20,2.57,4.17,4.06,3.68,2.41,2.40,2.66,2000
USW00054768,2.82,2.45,3.72,4.29,5.16,9.70,3.90,6.19,2.83,2.59,2.16,4.27,2000
USW00054769,3.94,4.00,5.39,7.91,3.36,4.09,4.40,2.79,3.07,3.78,3.54,3.81,2000
USC00190860,3.86,3.77,4.81,6.98,3.53,4.73,4.77,2.64,3.14,2.25,3.70,4.49,2000
USC00190213,3.57,2.34,4.25,5.10,4.87,8.44,7.01,4.34,4.36,2.06,2.58,4.27,2000
USC00193505,3.43,4.06,4.04,7.09,3.72,5.96,6.51,2.34,3.34,3.48,4.80,5.00,2000
USC00190535,3.43,3.78,4.10,6.17,3.29,4.74,3.95,2.09,3.07,3.26,4.77,5.17,2000
USW00094723,2.55,3.20,4.10,6.02,3.70,5.72,7.33,1.74,3.43,2.74,4.63,4.07,2000
USW00094726,3.43,2.92,6.49,5.27,2.60,2.13,4.15,3.20,2.89,1.79,3.57,3.63,2000
USC00196783,3.85,3.85,4.24,7.24,3.51,4.80,5.39,1.94,3.86,3.63,5.31,5.06,2000
USW00054704,3.52,2.66,4.56,6.04,3.29,5.73,3.43,1.87,2.94,2.71,3.93,4.45,2000
USC00193052,2.69,3.30,3.65,5.54,3.76,6.30,4.02,3.11,2.28,2.03,1.20,2.23,2000
USC00193213,1.97,2.87,4.04,4.90,5.60,9.18,8.10,2.16,3.86,2.19,2.91,6.01,2000
USC00190593,3.76,3.94,3.43,6.22,2.93,4.86,6.57,2.06,3.41,4.18,6.24,4.16,2000
USC00193276,3.44,4.16,4.19,6.90,3.62,6.10,6.01,2.33,3.61,3.44,4.67,4.89,2000
USC00195175,3.23,3.12,3.65,5.76,3.30,5.30,4.18,2.12,3.64,2.56,4.18,3.89,2000
USC00193624,4.19,3.47,4.82,6.55,2.99,7.00,6.80,2.41,2.81,2.61,4.71,4.75,2000
USC00194760,3.11,3.09,4.55,5.17,3.24,5.95,3.37,2.80,2.74,2.13,3.78,4.99,2000
USW00094624,4.05,2.76,4.20,6.18,2.68,1.72,3.63,5.20,3.42,3.43,3.48,3.30,2000
USC00194744,3.60,3.50,3.86,7.45,3.83,5.39,6.68,1.83,3.53,3.39,5.41,4.44,2000
USC00190666,3.89,3.78,4.30,5.84,4.20,7.05,4.15,6.19,4.09,2.76,3.06,4.39,2000
USC00199316,4.02,3.30,4.43,6.68,3.78,5.90,3.38,2.54,3.57,2.43,4.22,4.63,2000
USC00194313,3.75,3.77,4.48,6.70,2.96,6.84,5.36,2.46,3.29,2.50,4.87,4.28,2000
USC00191436,3.45,3.04,3.97,4.89,5.53,10.84,7.67,5.16,4.39,2.56,2.57,4.26,2000
USW00014702,2.40,3.28,3.89,5.98,2.44,5.15,3.76,2.31,2.85,3.02,4.48,3.04,2000
USC00192997,3.90,3.38,4.84,5.87,3.21,5.91,3.53,2.01,4.30,2.41,4.95,5.15,2000
USC00198573,3.51,3.33,4.17,5.72,3.57,5.83,4.91,6.56,3.32,2.74,2.56,3.17,2000
USC00195524,3.67,3.17,4.78,6.36,3.19,6.21,3.59,2.20,3.03,1.84,4.14,4.61,2000
USW00094720,3.26,2.87,3.60,5.69,2.62,2.08,3.27,3.87,2.69,3.13,3.16,3.27,2000
USW00094724,2.95,2.26,4.27,7.39,2.09,2.89,3.78,8.72,2.31,1.71,2.30,2.84,2000
USW00014763,2.52,3.06,4.02,4.06,3.78,9.82,6.15,4.87,4.53,2.70,2.28,4.01,2000
USC00190120,3.00,3.40,3.82,4.14,4.26,7.99,6.88,5.39,5.36,2.29,2.83,4.24,2000
USW00054777,3.06,3.45,5.83,5.81,4.75,3.29,3.65,2.70,3.78,1.67,3.13,3.79,2000
USC00195285,3.15,4.45,4.40,6.84,3.01,4.61,5.83,2.46,3.14,3.31,5.57,5.45,2000
USW00054756,2.96,3.44,3.89,5.23,4.56,7.17,6.81,5.91,3.31,2.59,2.70,3.52,2000
USW00054733,2.79,3.56,3.85,8.19,3.16,5.22,4.89,2.13,3.19,3.00,5.34,4.68,2000
USC00198278,3.18,3.35,3.72,4.67,5.13,7.65,6.75,5.21,4.57,2.77,2.87,4.48,2000
USW00094746,3.11,2.59,3.82,6.85,3.52,5.84,4.04,2.09,3.02,2.06,3.61,3.62,2000
USC00195246,3.69,4.06,6.97,6.72,4.18,3.63,4.93,4.38,3.25,1.61,4.11,4.67,2000
USC00196486,4.61,5.98,6.19,8.93,2.99,4.84,4.22,2.49,4.12,5.00,3.62,4.27,2000
USC00196938,4.25,3.64,6.20,5.94,4.61,3.59,3.96,2.90,3.61,2.13,4.00,3.92,2000
USW00014739,2.62,2.56,3.60,5.03,2.89,6.61,5.20,2.22,2.87,2.86,4.51,4.67,2000
USC00190562,3.23,3.34,4.10,5.37,4.08,8.44,4.94,7.94,3.36,2.03,2.64,3.52,2000
USC00192107,3.35,2.68,4.24,6.10,3.53,5.54,5.63,2.46,3.41,1.65,2.89,4.21,2000
USC00194105,2.62,3.07,4.24,6.02,4.13,4.66,7.07,1.81,3.42,2.69,4.44,1.28,2000
USC00196435,2.90,2.57,3.37,4.14,4.33,9.07,6.81,6.19,5.08,3.03,2.93,5.57,2000
USC00192501,3.92,2.75,4.89,6.41,3.26,2.65,2.88,9.68,2.19,1.84,2.31,2.77,2000
USC00190408,1.90,3.00,5.63,1.37,2.28,7.82,2.93,2.23,3.72,0.85,1.68,2.95,2001
USC00194711,4.14,2.34,12.72,2.41,4.35,5.88,2.33,4.93,2.54,0.94,0.63,3.69,2001
USC00195246,4.32,3.07,13.72,2.81,5.47,7.35,4.71,4.34,2.39,2.00,0.74,2.22,2001
USC00190190,1.70,3.40,8.90,1.40,1.58,6.53,3.38,0.68,3.52,0.74,1.65,2.65,2001
USC00191821,1.40,3.39,4.95,3.82,4.04,4.39,3.20,1.38,5.41,1.13,1.72,3.26,2001
USC00193401,1.72,4.24,7.43,1.84,1.84,6.53,2.87,3.10,3.04,0.50,1.50,3.17,2001
USC00193890,2.26,2.35,10.05,1.13,1.89,6.15,5.26,6.00,2.49,0.61,0.78,3.56,2001
USC00198367,2.58,2.15,10.52,2.23,2.75,4.68,2.11,5.06,3.26,1.43,1.01,3.24,2001
USC00197230,1.72,3.94,9.22,2.10,4.67,4.65,3.94,2.28,7.85,1.60,2.36,3.26,2001
USC00196435,1.48,3.73,5.63,1.89,4.33,6.71,4.40,1.07,7.54,1.02,2.08,2.98,2001
USC00192451,2.37,2.63,13.85,2.68,4.12,5.63,3.84,4.19,3.79,1.00,0.65,3.52,2001
USC00194580,2.02,2.94,10.31,1.31,2.91,7.66,4.39,3.74,2.11,0.68,1.08,3.34,2001
USW00014739,1.58,1.38,7.57,0.89,1.24,4.99,2.13,4.13,2.29,0.98,0.73,2.83,2001
USC00195984,3.24,2.31,11.71,1.79,3.70,6.11,4.09,6.04,4.11,0.44,1.08,3.38,2001
USC00196783,2.70,2.65,12.81,1.31,1.85,7.67,2.63,6.28,1.89,1.20,1.02,3.59,2001
USW00014775,1.37,2.61,6.89,2.32,4.75,5.11,1.92,2.67,3.81,0.98,0.87,2.65,2001
USC00198757,2.59,2.17,10.63,1.48,2.56,7.52,5.46,3.79,1.77,0.59,1.07,3.30,2001
USW00014756,3.37,1.70,5.67,2.97,3.72,4.17,1.92,5.10,1.15,3.16,0.65,2.09,2001
USC00194502,2.51,2.41,11.68,1.57,1.41,7.23,2.15,2.80,2.80,1.53,0.91,3.57,2001
USW00054768,1.24,2.43,6.01,1.42,3.15,5.54,4.31,3.85,3.08,1.82,2.40,2.37,2001
USW00054769,2.87,2.08,12.11,2.32,4.68,5.24,2.66,4.48,3.13,1.43,1.18,3.27,2001
USC00190213,1.87,3.21,6.04,1.79,3.43,5.82,3.43,2.22,6.33,0.76,1.54,2.21,2001
USC00193505,1.88,2.82,11.98,1.14,2.43,5.37,2.83,3.81,2.32,1.23,1.42,3.02,2001
USC00190535,2.46,2.79,11.50,1.19,2.12,8.00,3.09,4.96,1.66,1.09,0.98,3.23,2001
USW00054704,1.96,1.79,9.35,1.40,2.06,8.36,2.17,4.11,2.28,0.78,1.00,3.00,2001
USC00193549,3.74,2.41,6.92,1.43,4.25,5.85,4.79,1.04,7.02,1.23,1.06,5.42,2001
USC00190120,1.62,3.04,6.17,1.97,3.52,5.34,3.46,0.65,4.54,0.92,1.39,2.78,2001
USC00194131,1.63,3.02,4.96,2.27,2.61,5.78,2.68,1.68,4.91,1.39,1.56,3.24,2001
USC00191386,3.79,3.09,10.41,2.80,2.41,4.61,5.12,6.00,0.68,1.67,1.00,3.35,2001
USW00004780,1.52,1.94,7.69,1.22,2.50,7.09,3.78,2.17,5.76,0.60,1.00,2.58,2001
USC00195175,2.50,2.41,7.20,1.34,2.21,7.97,3.23,3.64,1.80,0.68,0.96,3.25,2001
USC00193624,3.42,2.38,12.89,1.48,2.77,4.99,3.25,3.76,4.77,1.15,0.92,3.44,2001
USW00094624,4.26,2.02,8.84,3.00,2.54,3.01,3.35,5.38,0.74,2.03,0.98,3.62,2001
USC00194744,2.08,1.81,11.72,1.08,1.26,6.46,3.88,3.82,2.22,0.97,1.00,3.38,2001
USC00190666,1.26,3.68,7.37,1.58,1.66,5.98,5.51,1.41,4.11,1.01,1.50,2.84,2001
USC00199316,2.77,2.82,10.47,2.47,2.66,8.39,5.76,4.20,1.30,0.97,1.14,3.21,2001
USC00190593,2.84,2.45,15.83,1.60,2.06,5.28,2.47,3.49,2.34,1.39,0.91,3.55,2001
USC00199972,1.61,3.59,8.47,2.14,4.26,5.14,3.48,1.50,6.76,0.94,1.62,3.28,2001
USC00194313,2.06,3.41,9.47,0.91,1.91,6.54,4.12,4.04,2.52,0.87,1.31,3.41,2001
USC00196486,3.71,2.56,13.63,2.30,4.14,4.46,2.56,5.21,3.09,1.39,1.15,3.86,2001
USC00191436,1.54,3.37,8.33,1.91,3.96,4.30,3.29,1.37,6.83,1.10,1.60,3.16,2001
USC00194105,8.50,0.80,12.35,1.34,1.95,6.08,3.15,2.20,2.62,0.99,0.97,2.94,2001
USW00014702,2.33,1.94,8.91,1.13,1.84,5.02,2.89,4.51,2.26,1.07,0.90,2.98,2001
USC00192997,2.68,2.40,9.31,1.62,2.85,7.20,4.92,3.81,1.63,0.57,0.91,3.35,2001
USC00198573,1.46,3.83,7.54,1.33,1.83,4.78,5.07,3.31,4.96,0.92,1.54,2.37,2001
USC00195524,1.50,2.72,8.48,2.12,2.39,6.30,4.66,4.27,2.30,0.56,0.90,2.98,2001
USW00094720,2.72,1.80,7.50,2.57,4.06,3.78,2.94,5.27,1.07,1.54,1.04,3.01,2001
USW00094723,1.57,1.70,8.03,0.89,2.02,6.17,3.20,2.28,2.19,1.20,1.01,2.63,2001
USW00094724,2.85,2.06,8.09,2.82,3.50,2.23,3.26,5.09,1.66,1.49,0.60,3.40,2001
USW00094726,2.79,2.37,11.97,2.19,4.69,7.37,4.79,3.52,2.94,1.90,0.55,2.28,2001
USW00014763,1.26,2.65,4.74,2.04,3.02,6.28,2.98,2.07,4.75,1.52,1.61,2.98,2001
USW00054777,2.54,1.99,10.71,2.56,2.76,5.18,2.04,4.31,3.58,1.22,0.96,3.06,2001
USC00193821,2.83,1.28,5.08,1.47,2.77,2.84,2.27,4.49,0.94,0.99,0.89,3.19,2001
USC00195285,2.46,3.04,11.66,1.18,1.55,4.93,1.50,2.23,2.58,1.67,1.50,3.20,2001
USW00054756,1.20,2.56,5.45,1.63,2.51,5.47,3.76,1.74,4.11,1.00,1.38,2.33,2001
USC00190860,3.03,2.31,12.00,1.90,3.13,6.67,2.07,6.31,3.94,1.50,1.30,3.17,2001
USC00196938,3.89,2.54,13.33,2.72,5.19,6.26,3.60,5.02,2.72,2.15,0.67,3.26,2001
USW00054733,2.22,2.03,11.14,1.30,1.49,5.22,2.57,2.00,2.31,1.37,0.86,3.12,2001
USC00198278,1.43,3.21,7.52,1.95,3.59,5.35,2.98,1.02,4.54,0.94,1.59,2.85,2001
USW00094746,1.64,2.41,6.54,0.75,2.27,6.27,1.91,2.31,3.42,0.70,1.36,2.78,2001
USC00192107,2.31,3.10,6.80,1.84,4.20,4.19,1.60,3.30,3.30,0.45,0.92,2.78,2001
USC00192501,3.41,2.16,7.70,3.13,5.24,3.97,2.70,6.11,1.46,2.09,0.66,3.77,2001
USC00190408,2.14,2.08,3.57,3.72,4.75,4.62,1.73,2.24,4.05,3.31,5.13,4.74,2002
USC00194711,3.14,2.17,6.54,2.64,5.50,3.73,1.30,1.46,6.21,3.57,6.27,5.89,2002
USC00194502,3.05,2.76,4.14,4.31,6.38,4.57,2.28,1.95,3.15,4.28,6.43,7.35,2002
USC00190190,2.51,2.19,3.70,3.63,5.08,4.08,2.51,3.16,3.28,3.80,5.01,5.02,2002
USC00191821,1.45,2.15,2.28,3.68,4.62,4.32,1.80,2.86,2.87,4.17,4.98,3.97,2002
USC00193401,2.33,3.02,4.19,3.47,4.12,5.61,2.46,2.77,4.58,4.28,5.33,5.17,2002
USC00193890,2.85,2.62,4.06,3.74,5.69,4.69,2.45,1.75,4.17,4.26,5.20,6.55,2002
USC00194105,6.54,0.90,7.28,3.85,5.37,4.38,3.02,3.99,3.63,3.37,4.98,3.65,2002
USC00190593,3.98,2.98,3.73,4.18,5.33,4.00,1.73,2.15,3.56,3.79,6.50,6.28,2002
USW00014739,3.14,1.81,3.53,2.61,4.48,4.78,1.43,2.13,3.40,3.47,5.03,5.30,2002
USC00194580,2.73,2.63,4.04,3.82,5.07,4.42,1.72,2.68,3.49,4.56,5.72,6.55,2002
USC00195984,2.95,2.41,4.64,2.84,5.94,3.56,1.43,2.31,5.56,3.50,6.62,6.69,2002
USW00014775,1.33,1.76,3.94,3.45,5.92,3.56,1.74,4.30,3.21,5.68,5.14,3.07,2002
USC00193876,3.61,3.48,3.86,3.96,5.19,4.30,1.96,1.86,4.74,4.02,6.18,10.29,2002
USC00193702,0.93,0.78,2.48,2.94,5.12,4.36,2.33,2.45,2.56,4.10,5.42,2.28,2002
USC00194131,1.62,1.73,3.69,3.74,4.95,4.73,2.72,3.89,3.75,3.11,5.67,4.38,2002
USW00014756,4.15,2.19,4.51,4.33,3.10,2.11,1.39,2.30,4.26,2.11,6.88,4.67,2002
USW00054768,2.10,1.33,3.03,3.97,5.63,7.50,2.00,4.48,5.40,5.48,4.20,3.28,2002
USW00054769,3.23,2.39,5.16,3.84,5.79,3.40,0.76,1.41,4.24,4.03,5.91,7.09,2002
USC00190213,1.60,1.55,3.14,3.69,5.96,4.12,1.03,2.78,2.68,4.77,5.81,4.19,2002
USC00193505,3.40,2.10,3.71,4.52,6.49,4.78,1.40,2.18,4.24,4.22,5.22,6.25,2002
USW00094726,3.08,1.53,5.00,3.95,6.20,4.13,0.52,0.92,4.55,3.10,5.61,5.32,2002
USW00054704,3.04,2.03,3.78,2.78,5.89,2.99,2.22,2.53,5.07,3.27,5.61,5.52,2002
USW00014763,1.45,0.95,3.52,3.55,4.14,3.52,1.50,3.65,3.44,6.06,5.34,2.91,2002
USC00190120,1.07,2.49,3.80,3.85,4.83,4.80,2.08,3.41,3.07,4.39,5.22,3.54,2002
USC00193276,3.56,2.37,3.71,4.19,5.98,5.29,1.32,2.22,3.55,4.43,5.33,6.26,2002
USC00195175,2.63,1.81,3.63,3.38,5.43,4.22,2.76,2.54,3.06,3.98,6.06,6.57,2002
USC00193624,3.28,2.65,4.53,3.21,6.52,4.49,3.11,2.51,5.03,4.25,7.30,6.88,2002
USW00094624,4.81,2.31,5.67,4.16,4.20,2.89,0.49,2.45,6.76,2.38,8.42,6.83,2002
USC00194744,3.01,2.95,3.60,3.92,5.57,4.86,1.90,2.32,3.28,4.24,5.91,5.82,2002
USC00190666,1.59,3.09,3.65,3.67,4.67,6.03,1.80,3.17,2.54,2.89,5.33,4.52,2002
USC00194313,2.48,2.52,4.35,3.96,5.15,5.72,1.96,2.52,3.24,4.04,4.65,6.35,2002
USC00191436,1.31,2.10,3.33,3.71,5.58,4.90,3.59,2.89,2.99,5.86,5.99,3.68,2002
USW00014702,3.29,1.89,3.76,3.54,3.69,3.96,2.20,2.05,3.61,4.06,5.44,5.73,2002
USC00192997,3.01,2.45,4.06,3.53,5.98,4.28,1.88,3.92,4.66,3.78,6.45,6.90,2002
USC00198573,1.59,3.16,3.19,3.64,4.23,5.99,1.45,2.74,2.85,2.59,5.04,1.79,2002
USC00195524,2.63,2.39,4.35,3.45,5.75,4.15,1.78,3.02,3.74,4.13,5.88,6.72,2002
USW00094720,4.28,2.19,5.17,4.14,4.95,2.72,0.91,1.48,5.55,2.78,7.15,6.01,2002
USW00094723,3.02,1.85,3.06,3.65,5.35,5.12,1.76,2.09,3.42,3.63,4.32,4.46,2002
USW00094724,4.31,1.37,5.11,3.81,3.61,3.26,0.41,2.31,6.31,2.94,6.26,4.81,2002
USW00054777,2.99,1.93,4.67,3.13,5.76,3.03,1.19,1.59,6.35,3.07,5.91,4.23,2002
USC00193821,4.59,2.50,5.92,2.00,5.04,2.81,0.84,1.84,5.72,2.28,7.53,6.07,2002
USC00195285,2.88,2.74,3.70,4.37,4.55,4.48,1.19,1.93,3.31,4.73,5.92,6.43,2002
USW00054756,1.39,2.87,3.79,3.65,4.75,4.37,2.42,2.17,2.97,2.80,4.76,3.19,2002
USW00054733,3.42,2.38,3.70,3.75,5.72,3.62,1.53,1.94,4.58,4.06,5.37,5.20,2002
USW00004780,2.20,1.70,4.06,3.93,5.10,4.43,1.92,2.43,3.13,4.16,4.75,4.80,2002
USC00198278,1.20,2.47,3.67,3.84,4.70,4.56,2.36,4.10,3.43,4.68,5.22,4.13,2002
USW00094746,2.36,1.43,4.22,3.67,5.55,4.83,2.65,2.94,3.98,4.39,3.84,4.24,2002
USC00198793,2.29,2.52,4.08,3.86,4.36,4.76,2.15,4.29,5.13,3.80,5.45,5.49,2002
USC00190562,1.88,2.59,3.53,3.19,4.13,4.17,2.54,2.87,4.74,4.15,5.21,4.70,2002
USC00196435,1.47,2.32,3.65,4.24,6.30,5.09,1.37,4.26,3.39,5.22,6.20,4.78,2002
USC00199972,1.39,2.37,4.07,3.64,6.67,5.37,4.41,3.48,3.22,6.09,6.81,4.41,2002
USC00192501,4.80,1.63,5.71,4.31,3.89,3.09,0.40,1.12,6.05,2.81,7.60,5.28,2002
USC00198793,3.47,4.37,4.18,3.45,4.73,7.52,2.00,3.89,5.00,5.37,2.41,5.35,2003
USC00190408,2.96,4.10,3.98,3.56,4.09,6.71,1.31,6.80,5.74,5.57,1.99,5.76,2003
USC00194711,2.51,3.82,6.11,7.00,3.49,5.71,5.83,5.85,2.89,6.13,2.75,6.50,2003
USC00194502,2.20,4.82,4.90,4.93,3.06,5.97,2.53,5.31,2.88,6.41,3.16,4.03,2003
USC00190190,2.96,4.11,3.46,3.91,4.57,4.46,1.10,5.74,5.08,5.70,1.99,6.07,2003
USC00191821,3.17,2.56,3.20,2.35,3.55,3.76,3.34,9.23,6.46,6.23,4.35,5.41,2003
USW00014739,1.82,4.21,4.00,4.00,4.12,4.69,2.10,2.90,2.65,6.20,2.63,5.06,2003
USC00192451,3.15,6.28,7.27,6.79,3.25,5.45,2.16,2.82,2.37,5.24,2.87,6.00,2003
USC00194580,2.62,4.43,4.36,4.00,3.99,5.92,2.41,4.71,4.30,5.77,1.95,5.85,2003
USC00195984,2.67,5.12,5.58,5.55,3.55,7.20,3.80,5.99,3.97,6.37,2.52,7.30,2003
USW00014775,2.07,2.62,3.30,3.42,4.77,6.97,2.15,6.66,12.20,5.02,4.02,3.47,2003
USC00193876,3.16,4.94,3.05,4.85,3.77,4.61,2.71,2.12,3.27,6.02,1.75,7.15,2003
USC00198757,2.20,4.41,4.78,4.50,3.93,5.96,3.87,5.59,3.56,6.08,2.70,6.86,2003
USC00194131,3.44,3.12,3.72,1.76,5.16,3.50,2.24,4.01,6.45,6.00,4.28,5.75,2003
USW00014756,1.48,4.87,6.86,2.77,2.22,5.70,2.61,2.93,3.87,4.22,2.91,3.45,2003
USW00054768,1.30,1.80,3.02,2.18,4.13,2.78,3.04,7.61,6.62,5.56,4.60,4.85,2003
USW00054769,2.69,3.94,6.00,6.15,2.93,6.42,4.53,5.94,3.27,5.46,2.69,6.06,2003
USC00190213,3.24,2.14,3.00,4.14,3.98,2.74,1.89,9.85,8.33,5.89,4.05,4.61,2003
USC00193505,3.19,4.34,4.22,4.02,4.19,3.40,1.25,7.53,3.98,5.29,2.31,5.04,2003
USC00190535,2.54,4.21,4.45,4.08,4.41,5.94,2.04,6.95,3.45,5.67,2.36,5.60,2003
USW00094726,2.05,3.84,5.33,5.79,2.69,5.80,2.84,3.93,1.22,5.12,3.31,4.30,2003
USC00196783,3.15,4.33,4.73,4.55,4.26,5.48,3.72,4.06,3.26,6.15,2.43,6.29,2003
USW00054704,2.01,3.51,3.14,4.48,3.89,5.11,3.54,4.99,2.79,5.84,2.81,5.26,2003
USC00190593,2.85,4.96,5.64,4.96,3.40,5.27,2.62,3.76,1.99,5.94,2.09,6.27,2003
USC00191386,2.52,7.70,6.41,4.26,2.28,5.62,1.85,3.35,3.88,4.90,3.49,5.07,2003
USC00193276,3.17,4.11,4.28,3.98,3.93,3.44,1.28,6.13,3.93,4.96,2.15,5.50,2003
USC00195175,2.44,4.31,3.11,4.98,4.22,6.61,3.23,5.24,3.66,6.34,2.74,3.85,2003
USC00193624,3.00,5.32,5.80,6.05,4.52,5.20,3.63,4.76,1.78,6.91,2.43,6.41,2003
USW00094624,2.58,6.29,6.97,4.46,2.65,5.07,1.81,3.52,3.75,4.70,3.70,5.08,2003
USC00194744,2.07,4.61,4.28,4.77,3.65,5.65,2.39,4.06,3.53,5.72,2.34,6.45,2003
USC00199972,3.49,3.89,3.45,3.39,4.56,4.28,2.31,6.00,8.20,6.88,4.30,6.91,2003
USC00194105,0.63,8.89,3.46,4.12,3.99,4.25,2.09,4.63,3.96,5.74,2.20,1.51,2003
USW00014702,1.82,3.24,4.13,3.56,4.26,5.37,1.00,5.65,2.07,5.33,2.12,3.77,2003
USC00192997,2.85,5.20,5.30,4.41,3.65,7.37,2.94,4.59,3.66,6.55,2.09,7.19,2003
USC00195524,2.69,4.34,4.64,3.79,4.47,6.97,1.93,3.24,4.00,6.03,1.86,5.74,2003
USW00094720,2.10,5.13,5.89,4.30,2.92,5.69,1.96,3.04,2.30,4.46,3.10,6.48,2003
USW00094723,1.52,2.85,3.91,3.21,3.93,3.77,1.40,4.61,3.15,3.78,2.26,3.06,2003
USW00094724,2.14,3.88,5.79,3.58,2.47,5.32,1.65,3.71,2.96,4.44,3.93,3.94,2003
USW00014763,3.07,2.40,3.50,2.22,4.67,3.26,3.43,6.57,7.06,5.41,4.26,5.05,2003
USC00190120,3.07,3.36,2.83,3.02,4.81,5.91,2.69,8.00,8.43,4.98,4.46,4.15,2003
USW00054777,2.08,4.08,6.16,6.38,3.48,6.65,5.35,7.78,2.93,5.77,2.64,5.69,2003
USW00054756,2.56,2.85,3.57,3.88,5.26,4.85,2.30,6.08,5.59,3.88,3.15,4.86,2003
USC00199316,2.75,4.91,4.62,4.48,4.32,7.07,2.58,4.90,4.56,6.26,1.84,6.35,2003
USC00190860,2.38,4.78,6.11,6.03,3.56,7.15,3.83,7.04,3.06,6.58,2.33,7.26,2003
USC00196938,1.91,4.79,6.59,6.72,1.74,7.91,4.61,4.55,3.63,6.92,3.12,6.75,2003
USW00054733,2.08,2.61,4.40,4.40,3.61,5.27,2.10,4.05,3.37,5.99,1.89,3.41,2003
USW00004780,2.31,3.64,3.43,3.17,4.54,4.05,1.15,5.72,4.73,5.26,1.85,4.34,2003
USC00198278,3.48,3.37,3.74,3.45,4.84,6.31,1.98,6.96,10.13,5.84,4.16,5.48,2003
USC00196486,3.16,5.69,6.61,7.12,3.52,6.93,5.62,9.11,3.04,7.36,2.82,7.72,2003
USC00190562,3.31,3.08,4.16,3.11,5.42,7.49,1.93,5.17,6.67,5.39,2.76,4.46,2003
USC00192107,2.30,3.63,4.10,3.20,3.48,4.97,3.16,4.20,5.88,5.03,2.35,6.81,2003
USC00197627,3.06,4.12,3.48,3.00,4.97,6.74,2.22,4.91,5.04,6.80,2.54,5.44,2003
USC00192501,2.64,4.53,7.00,4.40,2.07,6.02,0.83,3.85,3.88,4.09,3.72,6.21,2003
USW00094746,2.36,4.44,4.07,3.43,4.12,6.15,3.06,5.35,4.24,5.41,2.19,5.70,2003
USC00190408,1.60,0.66,2.24,6.99,3.98,1.86,2.49,4.52,9.28,2.38,3.73,4.56,2004
USC00194711,1.59,2.10,3.78,5.89,2.76,1.26,2.59,5.66,7.11,2.06,4.28,5.45,2004
USC00194502,1.35,2.07,1.73,12.51,3.15,3.09,4.10,5.04,7.02,2.28,4.13,5.00,2004
USC00190190,1.13,1.61,2.13,9.63,4.21,1.93,2.90,5.15,7.60,1.89,3.22,4.83,2004
USC00191821,1.69,1.82,1.50,5.88,5.36,2.72,4.57,4.49,8.26,3.13,3.30,3.33,2004
USC00193401,1.56,1.74,1.42,5.61,4.05,3.17,2.56,4.52,9.72,2.70,3.95,3.63,2004
USC00192451,1.80,2.41,2.21,5.57,2.85,1.65,2.73,6.48,5.37,2.02,4.28,4.64,2004
USC00194580,1.11,1.52,1.81,10.33,3.18,1.43,5.47,5.45,6.79,2.18,4.05,5.36,2004
USW00014739,1.02,1.45,3.39,9.57,3.07,1.95,3.87,4.39,7.44,1.88,2.92,3.66,2004
USC00195984,1.85,2.09,2.39,9.52,2.74,1.72,3.99,5.54,5.89,2.09,4.63,5.47,2004
USC00196783,1.32,1.69,3.94,9.93,3.79,2.82,7.19,6.96,6.69,2.22,3.47,5.35,2004
USW00014775,1.20,0.67,3.08,6.70,4.39,1.93,2.81,4.74,8.25,0.59,1.63,3.62,2004
USC00193876,0.51,0.30,0.93,9.58,3.86,2.41,4.36,4.89,6.04,2.79,3.87,6.16,2004
USC00193702,1.41,1.45,0.62,2.02,2.53,1.54,0.37,3.76,6.36,1.73,2.78,1.30,2004
USC00198757,1.55,1.82,2.23,9.72,3.31,2.35,3.76,5.28,6.73,2.19,3.92,4.80,2004
USW00014756,1.71,2.72,3.45,5.45,2.16,1.81,1.30,3.41,10.76,2.78,4.85,4.07,2004
USW00054768,1.07,1.14,2.71,4.13,5.96,3.07,5.86,5.46,6.80,1.79,3.74,3.69,2004
USW00054769,1.56,2.08,2.29,6.21,2.82,1.82,2.66,5.41,5.95,1.90,4.38,4.06,2004
USC00190213,1.36,1.71,3.39,6.06,3.62,2.00,3.12,4.41,6.97,2.20,2.06,3.42,2004
USC00193505,1.15,1.25,3.58,9.93,5.31,2.48,4.26,7.43,5.52,2.44,3.54,4.00,2004
USC00190535,0.87,1.42,3.14,8.63,3.38,1.86,6.15,6.70,6.53,1.73,3.53,5.25,2004
USW00094720,1.89,2.43,2.78,5.85,2.91,2.03,2.36,4.70,4.97,1.31,4.57,4.68,2004
USW00094723,0.82,1.18,2.48,7.93,4.40,2.48,3.98,7.76,5.09,2.20,2.95,3.53,2004
USW00054704,1.17,1.58,2.85,8.23,3.01,1.76,4.11,5.00,6.91,2.13,3.63,4.37,2004
USC00194131,2.00,1.58,3.07,4.28,4.88,2.24,3.93,5.13,8.38,2.12,2.96,3.42,2004
USC00193276,1.22,1.45,3.03,10.48,4.54,2.33,4.51,7.17,5.90,2.44,3.60,4.93,2004
USC00195175,1.31,1.17,3.65,6.16,4.32,1.26,3.76,6.78,7.26,2.06,3.43,4.34,2004
USC00193624,1.61,1.95,2.96,10.11,3.41,1.47,4.74,6.32,7.76,2.57,4.41,5.20,2004
USW00094624,2.01,3.01,3.17,5.79,2.93,1.61,2.40,5.52,5.65,2.32,5.44,5.00,2004
USC00194744,1.22,1.60,2.74,12.26,3.62,2.06,6.12,5.88,6.13,2.73,3.94,4.83,2004
USC00190666,0.96,1.62,1.69,7.65,4.07,2.09,6.37,4.92,8.74,1.90,3.73,4.68,2004
USW00014763,1.31,1.59,2.65,3.79,4.99,3.48,5.20,6.65,8.13,2.33,3.55,2.96,2004
USC00199316,1.68,1.80,2.09,8.69,3.56,2.95,4.58,6.88,8.50,1.93,3.30,4.97,2004
USC00199972,1.71,2.11,2.61,7.32,4.17,3.65,4.48,7.91,9.30,2.98,3.69,4.65,2004
USW00014702,0.88,1.26,2.78,8.19,3.33,1.58,4.76,6.44,6.32,1.74,3.16,3.96,2004
USC00192997,1.57,1.91,2.01,9.89,3.56,1.89,4.08,7.11,6.72,1.87,4.39,5.28,2004
USC00195524,1.60,1.30,1.76,7.84,4.14,2.31,4.85,3.94,7.85,1.93,3.81,4.97,2004
USW00094724,1.54,2.78,1.64,4.73,2.33,1.17,1.27,3.45,6.86,2.46,5.47,3.97,2004
USC00190120,1.25,1.55,2.12,7.22,3.72,2.91,3.89,3.77,9.93,2.60,3.02,2.75,2004
USW00054777,1.59,2.05,3.13,6.39,2.50,1.40,2.91,5.94,7.89,2.23,4.12,4.98,2004
USW00054756,0.76,1.25,1.49,3.45,3.47,1.80,2.04,1.78,5.97,1.15,2.33,2.11,2004
USC00190860,1.81,1.92,2.17,8.97,3.19,1.96,2.85,5.07,5.07,2.19,4.53,4.98,2004
USC00196938,1.64,2.33,2.44,6.80,2.19,1.65,3.01,5.50,6.13,2.08,4.81,4.92,2004
USW00054733,0.94,1.39,2.89,9.76,3.59,2.32,4.14,4.82,5.89,2.46,3.55,4.63,2004
USW00004780,0.75,1.32,2.98,7.66,3.54,1.70,4.78,2.94,7.46,2.00,3.64,4.19,2004
USC00198278,1.33,1.64,1.60,7.65,4.12,2.67,4.42,4.46,8.27,2.76,3.39,4.01,2004
USW00094746,1.43,1.45,3.35,6.57,3.23,1.45,4.84,5.07,7.52,2.22,3.93,4.78,2004
USC00196486,1.67,2.30,2.31,7.32,2.47,1.64,2.41,5.63,3.37,2.00,4.82,5.46,2004
USC00190562,1.85,1.60,1.83,6.52,3.29,1.59,2.93,4.88,8.47,2.23,2.69,3.74,2004
USC00192107,2.23,1.69,1.57,6.30,4.09,1.43,5.20,3.90,8.22,1.99,3.46,4.70,2004
USC00192501,2.15,3.54,3.18,5.33,2.50,1.74,2.37,3.52,6.38,2.19,4.49,5.25,2004
USW00094726,1.65,2.41,2.56,5.31,2.78,1.47,2.31,6.15,4.06,2.84,4.67,4.30,2004
USC00190408,4.91,2.68,4.76,5.11,3.87,2.27,4.34,2.06,2.78,14.58,4.88,3.90,2005
USC00199371,5.45,2.48,5.46,1.58,2.30,2.31,2.40,4.06,2.03,16.61,5.95,3.93,2005
USC00190998,5.02,2.72,3.66,6.50,3.36,1.13,3.46,3.30,3.78,17.20,4.44,8.87,2005
USC00194711,6.08,4.46,6.01,5.50,5.99,0.57,2.26,4.19,5.80,13.04,7.83,3.68,2005
USC00194502,5.26,3.20,5.50,4.06,6.06,1.52,3.78,1.92,1.78,11.50,3.44,4.59,2005
USW00094726,3.74,2.55,5.36,4.85,4.85,2.00,1.03,8.06,4.07,11.48,8.23,2.74,2005
USC00190190,4.63,2.84,5.69,5.89,5.56,4.43,5.07,3.37,2.01,8.65,4.74,3.94,2005
USC00191821,4.60,2.10,3.65,3.59,2.19,4.30,2.00,0.78,0.64,14.46,5.50,3.09,2005
USC00193401,10.89,3.94,4.78,5.96,3.77,3.08,4.51,2.34,2.94,18.09,5.89,6.40,2005
USC00198367,5.20,2.71,3.98,3.79,6.59,0.64,1.48,3.54,4.06,8.58,5.16,3.33,2005
USC00190593,4.36,3.17,5.53,4.05,6.80,2.62,2.47,1.03,1.52,10.64,3.52,4.74,2005
USC00192451,4.87,2.78,7.02,4.16,8.14,1.03,1.02,4.09,6.91,13.07,5.79,3.19,2005
USC00194580,5.80,3.32,5.44,4.85,5.42,2.29,3.59,4.19,1.72,14.72,4.06,4.48,2005
USW00014739,4.46,2.70,3.88,3.17,3.98,1.46,3.37,2.88,1.78,9.41,3.71,2.87,2005
USC00195984,5.85,2.62,8.18,5.45,6.52,0.63,1.91,5.39,3.50,15.13,6.27,4.10,2005
USC00196783,5.28,3.37,5.31,4.63,6.19,1.53,2.62,1.74,1.38,12.71,4.62,4.55,2005
USW00014775,4.14,2.09,3.12,6.41,1.98,3.34,6.89,2.89,2.22,16.03,4.76,3.74,2005
USC00193876,4.84,3.92,6.44,5.16,8.46,3.08,2.88,1.07,1.80,8.72,4.75,3.93,2005
USC00198757,5.36,3.05,5.64,3.95,6.78,1.13,3.40,4.56,2.97,14.11,3.97,4.43,2005
USW00014756,2.81,1.52,3.81,3.37,6.91,0.55,1.37,0.32,3.38,7.73,3.66,2.50,2005
USW00054768,3.26,1.85,3.45,4.47,1.51,3.54,6.36,3.25,2.44,12.08,5.26,2.44,2005
USW00054769,3.85,2.61,5.76,5.04,7.04,0.79,2.03,5.44,3.83,11.12,6.89,2.57,2005
USC00190213,5.30,2.32,5.71,5.93,3.08,4.61,4.18,3.91,1.53,14.30,5.39,4.09,2005
USC00192107,5.57,2.70,4.23,6.19,3.11,1.51,3.34,3.01,1.65,12.61,4.81,4.03,2005
USC00190535,5.74,3.56,5.59,4.32,5.35,1.76,2.92,3.82,1.52,13.25,4.59,4.36,2005
USW00094720,6.28,2.47,5.25,4.78,5.58,0.22,2.59,0.83,5.98,8.27,4.80,2.87,2005
USW00094723,2.75,2.27,4.21,4.55,6.71,2.58,2.39,2.10,1.23,14.34,4.57,4.02,2005
USW00054704,4.17,2.79,4.74,4.22,6.89,1.18,3.26,4.29,2.91,12.43,4.22,3.05,2005
USW00014763,3.89,1.69,3.58,3.37,1.60,3.72,2.33,2.17,1.34,13.74,5.37,2.61,2005
USC00190120,4.82,2.73,3.13,4.43,2.40,4.43,2.42,2.82,2.03,17.18,4.87,3.77,2005
USC00194131,4.47,2.80,4.42,2.85,1.53,2.81,3.48,1.01,1.64,15.27,6.24,3.95,2005
USC00191386,4.69,2.02,4.60,3.68,7.03,0.04,3.83,0.89,3.88,6.46,3.78,4.28,2005
USC00195175,5.58,3.29,4.40,3.92,5.49,1.85,3.55,2.88,2.72,15.03,4.74,3.35,2005
USC00193821,6.74,1.70,1.56,2.34,8.35,0.35,2.22,0.80,3.55,8.50,3.82,3.33,2005
USC00193624,6.02,2.81,6.24,3.54,7.50,1.02,4.13,10.41,2.81,14.26,6.00,3.44,2005
USW00094624,5.46,2.51,4.35,4.22,6.93,0.26,3.32,1.36,4.29,8.41,4.22,2.75,2005
USC00194744,5.75,3.05,5.15,4.01,8.23,2.53,2.64,2.28,1.52,12.44,4.20,4.02,2005
USC00190666,4.43,2.65,4.75,5.12,3.74,4.65,4.66,2.16,1.84,14.62,5.13,4.35,2005
USW00004780,3.83,2.31,4.72,5.52,4.37,4.41,3.91,2.74,1.65,13.52,4.67,3.80,2005
USC00194313,6.60,3.07,6.37,3.97,6.16,2.65,3.65,3.39,1.19,14.15,4.50,5.08,2005
USC00196486,9.41,3.62,7.85,3.62,7.62,0.57,2.59,2.96,2.06,11.98,3.71,2.09,2005
USC00194105,1.87,1.84,2.92,2.31,7.87,2.56,1.47,1.89,1.07,14.58,3.89,4.49,2005
USW00014702,3.78,2.40,4.17,4.13,4.63,1.59,2.94,3.72,1.50,12.13,4.56,3.18,2005
USC00192997,5.59,2.99,6.52,4.78,5.33,1.20,3.19,2.09,3.39,15.72,3.85,4.62,2005
USC00195524,5.46,2.95,4.14,5.52,4.61,1.40,3.35,3.06,2.54,16.75,4.38,3.89,2005
USW00094724,2.61,1.45,3.00,3.86,5.41,1.64,1.93,0.40,4.92,8.39,4.96,1.30,2005
USW00054777,5.05,2.80,5.72,4.82,4.74,0.56,1.97,3.89,5.00,13.19,6.14,3.69,2005
USC00195285,4.00,3.38,5.23,4.97,8.50,3.64,3.39,1.28,1.80,14.84,3.09,4.75,2005
USW00054756,2.19,1.22,2.18,3.67,1.23,2.02,4.12,2.73,1.98,11.84,3.74,3.06,2005
USW00054733,3.60,2.82,4.76,4.52,6.97,1.27,2.58,1.20,1.37,11.58,3.95,3.39,2005
USC00190860,5.41,3.55,7.23,4.57,6.61,0.93,1.94,7.59,4.15,14.83,6.34,4.24,2005
USC00198278,4.88,2.91,4.71,5.50,3.35,3.98,6.54,4.89,2.67,16.69,5.74,4.11,2005
USW00094746,5.85,3.03,4.18,6.49,3.71,1.77,5.02,2.63,2.83,15.57,4.78,3.74,2005
USC00198573,4.72,2.64,4.72,4.59,3.41,3.72,7.15,1.92,1.55,14.62,5.49,4.15,2005
USC00199972,5.53,2.63,5.33,5.92,2.90,5.33,1.46,2.52,2.05,17.59,5.65,4.12,2005
USC00192501,5.89,2.46,6.42,3.41,6.99,1.02,2.06,0.28,4.53,8.22,4.39,3.22,2005
USC00190408,5.48,2.67,0.56,1.91,5.95,5.18,2.56,3.83,2.09,5.90,5.58,0.72,2006
USC00194711,9.37,2.64,0.50,3.17,7.97,13.30,1.68,3.45,2.15,5.21,6.62,2.68,2006
USC00194502,5.12,2.67,0.65,2.19,16.43,7.89,6.90,3.84,2.13,4.81,6.57,2.34,2006
USC00190190,5.06,3.07,0.71,2.46,6.85,8.54,3.56,4.50,2.81,6.07,5.44,1.94,2006
USC00190192,4.75,3.32,0.91,2.01,6.13,7.20,3.73,3.68,2.63,6.61,4.96,2.45,2006
USC00198367,3.26,1.21,0.40,2.78,14.42,14.72,1.57,3.44,2.41,5.21,6.16,1.91,2006
USW00014739,4.60,2.64,0.56,1.83,12.48,10.08,3.58,3.20,1.72,4.50,5.80,1.89,2006
USC00192451,7.03,2.39,0.59,2.13,7.14,11.26,1.50,3.05,4.89,4.67,6.22,2.84,2006
USC00194580,4.37,2.94,0.59,3.07,9.70,9.53,3.98,4.69,2.60,6.38,5.84,2.12,2006
USC00195984,5.68,3.44,0.48,2.89,8.35,1.95,1.95,5.11,2.15,7.10,7.36,2.21,2006
USC00196783,5.10,2.86,0.64,2.82,13.78,10.13,6.53,3.83,2.84,5.52,6.96,2.34,2006
USW00014775,5.37,1.74,0.71,3.33,6.04,6.36,1.90,4.54,2.98,7.26,4.96,1.99,2006
USC00193876,4.71,2.23,0.85,2.75,19.41,9.12,5.02,4.66,3.80,4.23,6.52,2.72,2006
USC00193702,1.11,1.28,0.32,2.36,4.28,4.83,2.36,3.46,2.39,5.78,3.34,1.44,2006
USC00198757,5.32,3.26,0.35,2.64,8.15,11.62,3.46,4.51,1.70,5.56,6.91,2.13,2006
USC00194131,6.51,1.82,0.59,4.19,5.18,5.93,3.76,1.89,4.13,4.65,3.66,2.29,2006
USW00014756,4.33,0.59,0.65,2.30,4.98,7.91,4.50,3.50,1.74,2.61,4.41,3.43,2006
USW00054768,4.63,1.96,1.36,3.84,6.83,5.64,4.04,5.49,3.73,4.65,3.70,3.01,2006
USW00054769,6.84,1.47,0.39,2.22,7.86,11.49,1.63,3.18,2.23,5.02,6.62,2.48,2006
USC00190860,5.33,2.37,0.32,2.50,7.93,16.61,2.43,4.00,2.17,5.20,6.01,2.36,2006
USC00190213,5.76,1.96,0.64,3.48,6.74,5.33,2.81,4.04,2.91,6.08,4.46,2.19,2006
USC00192107,5.46,0.11,0.69,2.50,6.46,4.26,4.29,2.39,1.85,2.94,3.91,0.68,2006
USC00193505,4.16,2.51,0.74,2.93,13.95,12.77,4.97,4.29,2.79,5.40,6.43,2.24,2006
USC00190535,4.74,2.64,0.62,2.85,11.85,10.26,4.94,4.32,2.13,5.56,7.22,2.15,2006
USW00094726,6.86,1.95,0.61,3.28,7.60,10.82,2.07,4.16,3.44,5.36,4.81,2.60,2006
USW00054704,5.16,2.20,0.28,2.20,7.93,10.70,3.36,3.96,1.74,4.90,6.13,1.92,2006
USC00190593,5.03,2.90,2.63,2.32,16.01,8.48,5.62,3.48,3.09,4.73,6.82,2.75,2006
USC00191386,4.62,1.55,0.74,2.68,7.01,11.70,2.66,2.09,2.25,2.46,6.46,3.32,2006
USC00193276,4.72,2.77,0.72,2.70,15.19,12.54,4.72,3.56,2.81,5.54,6.25,2.36,2006
USC00193624,6.19,2.57,0.40,2.07,13.89,14.62,4.15,3.98,1.67,6.39,8.15,2.10,2006
USC00194760,4.72,2.80,0.40,2.38,7.74,9.59,3.33,4.42,2.04,5.19,5.52,1.85,2006
USW00094624,4.93,1.52,0.26,1.62,6.94,9.50,2.98,2.62,2.24,2.70,6.57,3.08,2006
USC00194744,4.35,2.69,0.72,2.59,17.26,10.24,3.93,3.63,3.36,4.86,6.68,2.54,2006
USC00190666,4.61,2.74,0.85,2.17,6.45,8.21,3.62,5.24,2.74,7.62,4.74,2.14,2006
USW00004780,4.62,2.37,0.53,2.34,7.91,10.06,2.03,4.50,2.88,5.59,5.95,1.78,2006
USC00199972,7.08,2.36,0.76,4.33,8.15,7.89,3.00,4.88,3.43,7.43,5.56,2.53,2006
USC00199371,5.90,1.87,0.85,4.28,6.92,7.91,2.49,5.10,4.20,6.09,3.33,2.19,2006
USC00194105,3.35,1.82,0.87,2.95,13.90,10.93,5.18,3.91,2.35,5.47,6.60,1.98,2006
USW00014702,3.91,1.59,0.60,2.64,10.09,10.27,4.15,4.15,2.13,5.27,6.67,2.12,2006
USC00192997,5.07,2.57,0.34,2.89,6.61,13.24,3.09,4.48,2.27,7.13,7.96,1.46,2006
USC00198573,5.62,2.63,1.04,2.30,5.78,7.16,3.94,4.71,2.59,5.48,4.34,2.02,2006
USC00195524,5.56,3.07,0.40,2.31,8.04,11.05,3.31,4.33,1.64,5.04,5.73,1.99,2006
USW00094720,5.54,1.43,0.50,2.04,6.54,9.75,2.49,3.11,3.30,3.02,5.29,3.17,2006
USW00094723,4.06,1.83,0.70,2.81,13.33,12.04,5.63,3.59,2.45,4.22,6.38,1.98,2006
USW00094724,5.52,0.84,0.48,1.79,5.81,9.49,2.85,3.40,2.35,2.39,5.31,2.76,2006
USW00014763,4.04,1.74,0.65,4.07,5.60,5.79,3.37,5.36,4.11,5.57,3.89,2.00,2006
USC00190120,5.77,1.72,0.50,2.68,6.74,6.39,2.83,3.31,2.79,6.53,3.37,2.17,2006
USW00054777,5.73,2.01,0.50,3.04,7.68,14.05,1.80,3.24,2.22,4.67,5.82,1.78,2006
USC00195285,4.43,1.80,0.85,3.44,20.32,9.46,4.63,3.49,3.23,5.89,6.96,3.16,2006
USW00054756,3.35,1.77,0.56,1.52,3.21,3.75,4.76,4.24,2.76,6.49,4.75,2.20,2006
USC00196938,6.64,3.46,0.58,3.22,7.95,10.90,1.33,3.33,2.78,6.23,6.02,2.70,2006
USW00054733,4.58,2.26,0.59,2.70,16.89,7.92,5.67,3.47,3.33,4.47,5.95,2.69,2006
USC00198278,6.71,2.38,0.64,3.32,6.48,8.29,3.98,4.87,3.62,7.37,4.54,2.17,2006
USW00094746,5.23,3.50,0.50,2.35,6.64,6.91,3.22,4.07,2.37,6.91,7.09,2.50,2006
USC00196486,7.15,3.04,0.25,2.96,11.16,11.83,1.38,4.15,2.18,4.69,7.71,1.78,2006
USC00190562,5.88,2.76,0.66,2.08,5.42,7.13,2.62,4.66,2.49,5.46,4.06,2.07,2006
USC00195175,4.14,1.96,0.52,3.00,8.91,9.18,3.86,3.71,2.22,5.44,5.84,2.02,2006
USC00197627,5.40,2.98,0.52,2.57,7.89,12.32,3.21,5.31,1.80,6.86,6.46,2.31,2006
USC00192501,6.33,2.22,0.80,2.28,7.37,10.94,2.76,4.09,2.52,2.33,6.15,3.23,2006
USC00190408,3.61,1.93,4.44,6.46,3.61,2.28,5.84,2.67,2.81,3.81,3.54,4.21,2007
USC00199371,3.92,3.41,5.51,7.33,1.88,4.03,4.98,2.00,1.54,4.76,4.13,4.89,2007
USC00194711,3.65,2.25,8.68,8.96,3.08,2.94,4.46,1.20,2.13,2.40,3.22,5.54,2007
USW00094726,4.52,1.87,7.14,8.85,2.89,1.28,2.07,1.25,1.66,3.21,3.43,4.83,2007
USC00190190,3.06,1.89,4.90,8.09,4.48,3.76,6.23,1.31,3.26,4.03,3.27,4.64,2007
USC00190192,2.87,0.00,3.00,7.39,5.05,2.76,5.14,1.08,4.26,4.52,2.91,4.49,2007
USC00190593,3.97,2.76,4.06,7.46,4.70,2.24,2.54,1.33,3.14,3.28,3.93,5.50,2007
USW00014739,2.57,2.20,4.31,6.71,3.70,2.13,5.26,0.66,1.81,2.09,2.80,5.25,2007
USC00192451,4.03,1.93,6.53,8.13,2.99,1.77,3.77,1.10,1.32,3.26,4.94,6.11,2007
USC00194580,2.85,2.43,5.48,7.94,4.57,3.26,3.19,0.68,2.04,3.02,3.54,5.93,2007
USC00195984,2.63,2.24,7.75,8.08,3.15,4.33,4.72,0.97,2.19,2.55,3.22,5.37,2007
USW00014775,2.62,0.89,4.01,7.59,2.55,4.56,7.28,1.49,2.09,3.78,2.66,3.70,2007
USC00193876,2.95,1.87,5.77,7.88,4.36,4.35,4.87,1.50,2.49,3.62,0.98,5.47,2007
USC00198757,2.78,2.21,5.79,7.99,3.65,3.69,2.75,0.81,2.10,2.85,3.06,5.88,2007
USW00014756,3.58,1.10,3.17,4.56,2.23,0.70,2.41,1.46,3.19,1.44,6.60,3.95,2007
USW00054768,3.34,1.69,3.44,5.04,3.81,3.33,4.96,2.30,4.82,5.04,3.46,3.91,2007
USW00054769,3.63,1.66,6.38,8.04,2.75,2.91,5.49,0.56,3.28,2.85,3.92,5.16,2007
USC00192107,2.68,2.33,5.46,8.61,3.23,2.21,3.26,1.31,1.54,2.52,3.54,4.21,2007
USC00190535,2.67,2.68,4.65,7.53,4.96,2.51,3.29,0.98,2.15,2.98,3.52,5.90,2007
USC00190998,2.73,2.13,4.83,6.87,3.54,2.96,2.20,0.83,2.00,2.23,1.37,4.15,2007
USW00094720,4.04,0.89,5.11,7.47,3.06,1.56,2.54,1.72,1.76,2.56,5.93,5.13,2007
USC00196783,2.87,2.43,5.22,8.41,5.33,2.50,3.31,2.07,2.97,3.04,3.62,6.07,2007
USW00054704,2.48,1.99,5.00,7.14,3.45,3.09,3.26,0.59,1.70,2.50,3.01,4.86,2007
USC00194502,3.05,2.95,5.09,7.59,4.06,1.95,3.14,1.28,2.20,3.39,3.23,5.37,2007
USW00014763,3.12,2.13,4.35,4.67,2.67,3.26,5.06,2.58,2.40,5.28,3.45,4.45,2007
USC00194131,3.59,2.94,5.63,6.56,2.23,2.17,6.18,1.83,1.77,5.35,4.03,5.65,2007
USC00191386,3.81,1.48,4.02,7.91,2.98,0.70,2.80,1.12,2.92,1.74,7.69,5.21,2007
USC00193276,2.95,2.61,5.15,8.62,4.38,2.67,3.25,0.80,2.68,3.75,3.66,5.24,2007
USC00195175,2.39,2.99,4.05,7.78,4.76,2.76,5.08,0.85,1.84,2.92,3.28,4.88,2007
USC00193624,3.07,2.77,6.29,8.53,3.19,2.60,1.98,0.63,1.99,2.42,3.06,6.96,2007
USC00194760,3.12,2.44,5.81,8.55,3.36,3.41,2.18,1.22,2.16,2.26,3.11,5.54,2007
USW00094624,4.05,1.01,3.45,6.31,0.92,1.39,2.81,0.63,2.72,1.93,6.12,5.13,2007
USC00194744,3.06,2.31,4.69,7.81,4.38,2.60,3.63,0.94,2.86,3.10,3.37,4.40,2007
USC00190666,3.20,2.04,4.09,5.77,2.63,2.77,4.74,1.86,4.37,4.13,4.36,4.50,2007
USW00004780,2.74,1.32,4.15,7.11,4.38,2.40,6.34,1.41,2.26,3.34,2.67,3.70,2007
USC00199972,3.82,2.68,5.70,8.48,2.04,5.29,6.78,1.81,2.15,5.08,3.27,6.54,2007
USC00194313,3.33,1.71,3.77,7.91,4.02,2.38,4.40,1.40,3.77,3.47,4.08,5.34,2007
USC00196486,3.60,1.90,6.73,8.43,2.92,2.06,4.93,0.90,1.67,2.47,3.74,5.42,2007
USW00014702,2.52,2.57,4.26,7.25,4.96,2.51,3.12,0.74,1.98,2.55,3.52,4.59,2007
USC00192997,2.57,2.22,5.63,6.99,3.31,3.56,3.08,1.09,1.93,2.80,3.14,5.74,2007
USC00195524,2.90,3.05,5.89,8.50,3.56,2.73,3.17,0.97,2.43,3.38,3.17,5.53,2007
USW00094723,2.68,1.23,3.60,7.78,4.27,1.89,3.61,1.76,2.50,3.41,3.39,3.53,2007
USW00094724,2.91,1.48,3.95,6.13,2.29,1.04,1.99,1.54,1.59,1.67,5.11,3.76,2007
USC00190120,2.85,2.15,5.01,5.93,2.76,2.59,5.50,1.13,2.57,3.61,2.78,4.29,2007
USW00054777,2.93,2.28,7.44,7.74,2.70,2.87,4.81,0.97,1.96,3.27,2.92,5.00,2007
USC00193821,3.62,2.09,5.43,8.24,4.53,1.19,2.16,0.76,2.26,2.46,7.16,4.09,2007
USC00195285,3.17,2.60,5.94,9.15,4.65,4.49,5.28,1.15,2.00,4.22,3.65,5.64,2007
USW00054756,3.10,1.56,3.86,5.27,2.16,3.16,5.30,1.78,3.33,4.26,3.08,4.00,2007
USC00190860,2.93,2.37,7.00,8.84,3.04,2.65,5.92,1.48,2.96,3.19,3.87,5.30,2007
USC00196938,4.25,1.89,8.16,8.71,2.83,3.13,2.93,1.04,2.56,2.64,3.73,5.93,2007
USW00054733,2.78,2.36,4.89,7.80,4.29,2.57,3.41,1.28,2.75,3.22,3.30,4.90,2007
USC00198278,3.27,2.36,5.33,6.20,3.15,3.12,5.00,1.49,3.48,4.34,3.24,5.10,2007
USC00190213,3.16,1.64,4.29,8.54,2.83,5.33,6.50,1.22,2.37,3.99,2.75,4.85,2007
USC00193229,4.19,2.07,5.87,6.58,3.15,4.07,5.48,1.36,3.61,3.94,2.99,5.94,2007
USC00190562,2.95,2.09,4.93,6.19,2.68,3.10,5.94,1.99,2.09,4.84,3.40,4.21,2007
USC00198573,3.69,2.26,4.53,6.07,2.80,3.22,5.30,2.27,5.08,4.07,3.43,4.64,2007
USC00192501,3.94,2.42,5.06,8.23,3.64,0.97,2.46,1.11,1.82,2.03,7.09,5.63,2007
USW00094746,3.11,1.73,4.70,8.30,5.12,2.16,4.30,1.01,1.98,3.13,3.24,4.57,2007
USC00199371,1.65,9.03,2.76,1.80,2.42,7.25,6.14,3.77,5.00,2.86,2.53,3.83,2008
USC00190998,0.69,4.79,2.45,1.72,0.48,5.45,7.35,4.25,9.30,3.16,3.93,8.17,2008
USC00194711,3.09,7.18,6.52,3.65,2.44,2.36,4.16,2.14,10.04,2.95,4.38,8.41,2008
USC00194502,3.44,8.12,5.22,4.16,2.06,3.16,6.10,3.61,8.24,1.28,4.00,8.88,2008
USC00190408,2.80,11.05,4.63,4.35,2.26,5.45,6.06,3.26,7.15,2.20,3.13,5.98,2008
USC00190192,2.40,9.23,5.57,2.25,1.87,5.17,7.34,4.36,7.61,2.75,3.94,6.61,2008
USW00094726,2.15,6.02,5.42,4.65,2.72,2.29,4.61,6.73,8.79,4.08,6.16,5.94,2008
USC00192451,2.62,5.73,5.26,4.56,2.81,2.87,4.11,2.85,9.83,2.37,5.68,6.76,2008
USC00194580,3.14,9.74,5.53,4.53,2.15,5.36,10.32,6.89,10.30,2.67,3.39,8.76,2008
USC00195984,3.36,8.56,5.60,3.63,1.98,3.43,5.87,1.74,10.24,1.61,4.60,8.12,2008
USC00196783,3.13,8.81,5.47,4.59,2.46,5.02,9.11,3.13,7.89,1.69,4.20,7.80,2008
USW00014775,1.93,8.90,4.98,3.60,2.29,4.54,9.96,3.69,8.59,2.85,3.48,4.86,2008
USC00193876,3.34,8.26,5.97,3.42,1.90,2.54,7.50,4.84,8.49,2.02,3.95,8.01,2008
USC00198757,3.06,8.17,5.29,3.87,1.94,2.09,5.47,6.00,7.65,2.15,4.49,8.53,2008
USC00194131,1.85,9.93,6.57,2.75,3.10,9.37,9.50,2.65,5.81,4.14,2.25,8.86,2008
USW00014756,2.88,2.30,3.32,2.83,4.02,1.20,4.17,2.58,4.91,2.48,4.45,3.74,2008
USC00190840,2.72,6.68,5.61,4.05,2.65,2.96,4.57,2.74,11.11,1.95,7.22,8.06,2008
USW00054768,0.81,5.64,5.54,2.90,1.31,4.51,8.15,4.31,4.96,5.86,2.92,5.67,2008
USC00190213,1.57,8.93,6.38,3.61,1.87,6.59,4.74,4.58,6.55,3.34,3.03,7.71,2008
USC00192107,1.66,9.81,4.77,4.41,2.11,6.13,8.61,4.67,9.12,3.21,3.00,8.07,2008
USC00190535,3.05,8.67,5.32,4.07,2.60,4.21,8.07,3.46,8.94,2.14,4.10,7.63,2008
USW00054704,2.93,7.24,4.80,2.33,1.78,1.89,5.14,4.17,7.30,1.88,4.25,6.11,2008
USW00014763,1.38,7.73,6.51,1.45,2.20,5.97,5.63,2.17,5.96,5.05,2.92,7.07,2008
USC00190120,2.05,10.58,6.04,4.57,1.73,6.92,8.20,2.37,8.89,2.89,2.43,6.75,2008
USC00193276,3.14,9.05,5.85,3.42,1.88,2.98,8.29,4.75,7.87,2.69,4.04,7.13,2008
USC00193624,3.30,8.67,5.83,3.55,2.22,2.22,6.10,3.48,7.46,2.58,4.34,9.35,2008
USC00194760,2.22,9.09,5.24,3.87,1.85,2.03,6.34,5.49,7.56,2.36,3.29,9.45,2008
USW00094624,3.42,4.20,4.66,3.19,4.17,1.88,2.85,1.93,5.91,2.67,4.26,4.11,2008
USC00194744,2.94,7.33,5.83,3.68,1.99,3.13,10.52,3.35,7.67,1.66,3.66,7.10,2008
USC00190666,2.14,10.61,5.13,4.53,2.08,6.88,7.03,2.50,7.24,2.34,2.70,3.78,2008
USW00054769,2.81,6.24,5.52,2.62,2.46,3.76,4.79,2.95,10.14,3.41,6.48,6.20,2008
USC00190593,1.80,8.20,5.10,4.52,1.72,3.29,7.94,3.48,8.22,1.93,3.89,6.40,2008
USC00199972,2.17,11.41,7.41,5.27,2.13,7.19,7.44,3.73,8.32,3.78,3.06,9.30,2008
USC00194313,2.41,7.54,5.64,4.14,2.61,5.09,8.93,4.04,8.96,2.65,4.06,8.48,2008
USC00199193,1.89,10.70,5.50,4.37,2.50,5.14,8.27,4.54,7.05,3.50,3.37,7.13,2008
USC00194105,1.97,5.56,5.44,1.72,1.22,3.45,8.60,4.18,6.82,2.31,4.27,6.45,2008
USW00014702,2.51,6.58,4.97,4.06,2.52,4.04,8.07,3.81,9.01,2.12,4.09,6.36,2008
USC00192997,3.59,8.68,6.21,4.45,2.11,2.29,5.87,2.99,8.57,2.39,3.41,7.99,2008
USC00198573,2.48,10.83,4.91,4.26,2.15,6.17,7.44,2.85,7.33,3.21,2.70,7.00,2008
USW00054756,2.35,10.50,5.50,2.23,1.67,5.60,6.49,2.10,7.13,3.34,3.42,4.45,2008
USC00195524,3.25,9.53,5.39,4.63,1.71,2.65,6.10,3.75,7.79,2.59,3.70,8.67,2008
USW00094720,2.41,5.47,4.70,3.37,3.57,2.85,3.42,4.07,6.28,2.34,3.93,5.22,2008
USW00094723,2.14,7.65,5.00,2.39,1.67,3.23,8.51,3.89,8.09,2.22,5.13,3.19,2008
USW00094724,1.41,3.61,3.10,2.77,2.48,1.60,4.75,1.43,8.15,1.80,4.88,3.61,2008
USC00191386,3.41,4.79,4.63,3.73,5.49,1.86,3.30,2.03,7.55,2.62,4.37,5.78,2008
USW00054777,2.79,6.06,6.22,2.50,1.42,2.51,4.36,2.07,9.35,1.60,5.56,6.74,2008
USC00190190,2.76,10.06,5.67,4.13,2.09,4.15,7.80,3.90,7.81,2.37,3.96,7.85,2008
USC00193821,3.11,6.03,5.09,4.28,3.72,2.98,4.09,3.26,6.87,2.22,4.11,7.54,2008
USC00195285,3.19,8.95,6.35,3.69,1.72,4.92,7.26,4.35,8.99,2.74,3.80,7.25,2008
USC00190860,2.47,7.95,5.52,4.02,1.74,3.41,3.91,2.27,8.99,1.27,5.06,7.93,2008
USC00196938,3.38,7.87,4.95,5.00,2.82,2.56,4.84,3.45,11.61,4.29,6.69,8.37,2008
USW00054733,2.93,5.42,4.48,2.56,0.79,1.84,7.19,2.66,6.06,1.13,2.62,3.90,2008
USW00004780,2.38,8.85,5.30,1.86,1.99,3.37,5.74,4.68,8.07,1.80,3.68,4.11,2008
USC00198278,2.46,11.00,6.00,5.06,1.96,6.18,6.54,2.42,9.59,2.73,2.71,7.38,2008
USW00094746,2.45,9.69,5.62,4.24,2.45,5.56,7.96,3.53,9.22,2.62,4.25,5.64,2008
USC00193505,3.13,7.65,5.73,3.66,2.01,2.40,8.56,5.51,8.19,3.45,3.91,6.39,2008
USC00196486,3.66,6.79,5.72,3.63,2.87,2.85,5.93,3.82,11.31,3.06,6.22,7.77,2008
USW00014739,2.69,7.95,4.66,2.98,2.73,3.46,6.01,4.48,6.45,1.42,4.57,7.11,2008
USC00193229,2.00,11.07,6.57,4.17,1.36,5.83,6.06,3.36,7.18,3.22,3.13,7.46,2008
USC00190562,2.65,8.28,4.18,4.33,2.38,5.03,9.82,4.36,9.99,2.67,2.64,7.68,2008
USC00195175,2.41,6.92,3.91,3.30,1.48,4.31,9.22,3.16,7.69,2.18,3.70,8.19,2008
USC00197627,2.55,10.07,5.34,4.69,2.31,4.61,7.31,5.01,10.32,3.02,3.70,8.54,2008
USC00192501,2.65,4.61,3.66,3.95,3.70,1.80,4.15,1.73,6.89,2.32,3.75,6.38,2008
USC00195984,4.72,2.12,3.30,6.02,2.52,5.69,8.19,3.06,1.55,7.49,3.87,6.48,2009
USW00014775,2.47,1.27,2.26,2.85,3.79,6.52,8.56,2.87,1.54,5.22,2.55,5.14,2009
USC00194502,4.17,2.27,2.94,4.04,2.55,4.15,7.66,3.80,2.54,6.26,4.37,4.22,2009
USC00193505,3.81,1.99,3.29,4.52,4.33,7.09,7.97,5.72,2.59,5.46,4.49,4.82,2009
USW00004780,3.30,1.60,2.79,3.92,3.90,6.07,9.48,2.59,1.19,4.45,3.72,4.43,2009
USC00193624,4.45,2.27,3.80,4.48,3.47,3.84,9.33,3.62,5.61,7.26,3.57,5.31,2009
USW00094624,3.17,2.03,3.47,5.33,1.92,3.56,6.13,4.15,1.92,6.90,2.87,5.13,2009
USC00194744,3.81,1.95,3.20,4.39,2.87,5.61,8.61,4.06,1.86,5.53,5.65,5.46,2009
USC00194313,4.98,1.37,4.76,5.39,5.93,7.17,7.40,4.70,1.78,5.12,4.25,4.51,2009
USW00054756,2.95,1.34,2.56,3.42,4.74,7.80,7.51,3.84,1.49,6.09,2.33,3.79,2009
USC00196938,5.24,2.08,3.93,7.99,4.04,5.70,9.17,9.15,2.70,6.52,3.02,7.29,2009
USC00193229,3.58,1.31,2.97,3.19,4.31,5.17,9.89,6.43,1.55,4.98,2.89,4.91,2009
USC00192501,5.09,1.90,4.29,4.72,3.33,3.68,4.83,6.58,3.54,7.78,2.15,6.07,2009
USC00190408,4.14,2.21,2.70,3.36,4.79,3.93,6.77,5.06,1.37,5.00,2.87,3.67,2009
USC00194711,4.65,1.90,3.78,6.94,3.56,5.31,8.42,8.42,3.54,7.44,3.20,6.52,2009
USC00193890,4.65,2.07,3.00,4.13,3.04,3.99,7.92,3.40,3.28,5.62,3.76,5.27,2009
USC00192451,4.97,1.44,3.59,6.24,4.04,4.41,8.23,5.34,8.54,8.66,2.65,5.93,2009
USC00198757,4.48,1.99,2.95,4.59,3.99,5.24,6.89,4.06,2.48,6.65,4.42,5.11,2009
USW00014756,1.99,1.15,2.76,5.72,3.02,2.75,3.10,5.16,3.16,6.41,1.84,4.38,2009
USC00190213,3.31,1.44,2.68,2.89,4.03,5.70,7.34,4.92,1.91,5.12,3.21,5.17,2009
USC00192107,3.88,2.00,2.76,4.30,3.31,5.39,8.09,5.04,1.26,4.57,3.15,4.98,2009
USW00054704,3.37,1.72,2.19,4.22,3.63,4.38,7.02,3.09,2.52,6.24,4.15,4.04,2009
USC00193276,4.17,2.45,3.35,4.36,4.18,6.73,9.20,4.76,2.98,5.24,4.63,5.00,2009
USW00014702,2.81,1.49,2.51,4.02,2.70,4.91,9.78,2.70,2.11,4.67,4.67,3.80,2009
USC00190120,4.20,1.29,2.52,2.96,3.39,5.38,9.04,3.52,1.32,5.27,2.74,4.19,2009
USC00191386,4.29,2.19,3.83,2.89,2.54,3.43,6.62,5.49,2.16,6.94,2.25,4.98,2009
USC00190860,4.09,1.96,3.25,5.83,3.04,3.87,7.50,3.96,3.12,8.31,3.77,4.83,2009
USW00054733,3.23,2.08,2.56,4.04,2.55,4.76,7.94,2.97,2.33,5.17,4.96,4.40,2009
USC00190998,0.38,1.38,2.04,4.08,2.36,4.57,11.40,1.23,1.55,6.21,2.40,4.19,2009
USW00014739,3.35,1.94,2.51,4.13,2.70,3.22,6.90,3.24,3.09,5.18,3.34,3.91,2009
USC00196783,4.20,2.11,3.49,5.32,2.63,5.21,9.47,3.85,3.03,5.31,4.72,5.43,2009
USW00054768,1.48,1.17,2.37,1.45,4.50,5.50,8.24,4.82,1.84,5.86,1.66,2.86,2009
USW00054769,3.87,1.37,3.09,5.44,3.17,4.84,7.61,5.71,2.25,7.36,2.23,4.52,2009
USC00195524,4.08,1.97,2.97,4.26,2.02,3.97,9.12,3.67,2.17,5.83,3.83,5.67,2009
USC00190593,4.17,2.49,3.13,4.06,2.34,5.07,7.45,4.83,2.82,5.99,4.89,4.54,2009
USC00190666,3.00,1.14,3.22,3.41,4.52,6.60,5.41,5.51,1.19,6.15,2.18,2.43,2009
USC00199371,3.99,2.44,2.54,2.63,5.13,7.91,9.38,6.28,1.33,5.24,3.14,4.63,2009
USC00192997,4.34,1.79,3.26,5.19,2.59,4.39,8.66,3.63,2.48,6.75,4.32,5.03,2009
USW00014763,2.04,1.89,2.41,2.06,4.22,6.64,11.70,5.14,1.41,5.00,2.94,3.41,2009
USC00198278,3.46,1.44,3.03,3.45,4.78,6.35,7.30,4.30,1.35,6.29,3.41,4.38,2009
USW00094746,3.50,1.92,2.81,3.80,2.96,6.52,10.82,2.81,1.87,5.02,3.41,4.68,2009
USC00190840,4.78,1.66,2.27,5.90,2.78,4.20,7.61,4.92,2.56,7.63,3.51,5.35,2009
USC00190562,3.93,1.42,2.87,3.26,4.35,5.03,10.94,6.16,1.00,5.48,2.41,3.64,2009
USC00198793,4.14,1.45,2.80,3.56,4.73,4.94,10.15,7.17,1.00,4.81,2.47,4.17,2009
USC00190190,3.79,1.82,3.42,3.87,4.83,7.20,7.03,3.66,1.17,4.95,3.09,4.85,2009
USC00190192,3.46,1.53,3.00,3.69,4.30,8.24,6.17,4.41,1.18,5.04,2.93,4.09,2009
USC00194131,3.11,2.40,2.50,1.91,4.97,8.17,10.91,5.04,1.08,4.80,2.83,3.69,2009
USC00195175,4.02,1.50,2.98,4.21,2.80,4.41,8.67,3.46,3.46,5.57,3.83,4.52,2009
USC00194760,4.59,1.81,2.67,4.48,2.24,4.09,8.74,3.15,2.13,5.39,3.77,4.96,2009
USC00199972,3.91,2.10,2.99,3.09,4.57,6.76,8.13,6.33,1.91,5.41,3.54,4.87,2009
USC00199193,3.41,1.71,2.89,3.76,3.93,7.52,6.70,4.73,1.86,5.49,3.03,6.24,2009
USC00194105,2.84,1.78,3.06,4.47,4.01,6.24,7.20,5.65,2.62,4.78,3.95,3.20,2009
USC00198573,3.48,1.33,2.89,3.04,4.38,7.39,7.73,6.15,1.28,6.09,2.43,3.74,2009
USW00094720,3.81,1.43,3.20,5.54,2.41,3.85,6.07,4.94,3.60,7.53,2.06,4.24,2009
USW00094723,3.07,1.71,2.13,4.16,4.33,6.62,8.02,4.47,2.65,3.17,2.52,2.70,2009
USW00094724,2.22,0.73,2.58,3.50,3.01,2.86,6.39,5.35,2.63,6.31,1.97,4.89,2009
USW00094726,3.87,1.65,3.32,6.01,4.24,4.35,8.56,7.55,2.68,6.74,2.67,6.22,2009
USW00054777,3.96,1.66,3.00,5.76,3.06,4.42,8.31,4.16,2.39,7.26,3.22,5.19,2009
USC00197627,3.94,1.37,3.49,4.49,3.95,4.36,9.39,3.19,1.82,5.24,3.09,5.19,2009
USC00193821,4.48,2.78,4.64,6.41,3.27,4.76,6.85,5.59,3.86,8.10,2.59,6.35,2009
USC00195285,4.63,3.14,3.56,4.77,3.99,6.35,8.30,6.82,1.56,5.67,4.94,5.45,2009
USC00196486,5.07,1.74,4.15,5.48,4.54,4.50,9.10,3.61,2.72,7.46,2.78,5.01,2009
USC00194502,5.10,3.96,16.50,1.75,2.85,4.56,3.75,6.85,1.52,4.48,3.93,2.81,2010
USC00194580,3.34,5.46,9.51,0.83,2.17,1.65,2.66,3.54,2.07,5.08,3.31,4.07,2010
USC00195984,3.88,4.76,16.57,1.94,2.91,2.69,3.37,5.31,2.83,4.44,4.08,5.06,2010
USW00014775,2.68,3.20,6.46,0.95,2.42,4.04,1.76,3.23,3.14,5.53,3.55,5.12,2010
USC00193505,2.83,6.40,17.83,1.70,3.17,1.70,1.15,4.88,2.17,4.95,3.33,3.61,2010
USW00004780,2.36,5.24,10.98,1.33,3.29,3.02,4.30,2.79,2.69,4.78,3.69,3.20,2010
USC00193624,4.51,4.11,17.50,1.97,2.83,2.00,1.21,7.81,1.78,5.23,3.86,3.68,2010
USW00094624,4.10,3.78,8.06,1.54,3.25,1.75,1.79,4.43,4.65,5.50,4.18,4.81,2010
USC00194744,3.86,5.36,19.20,2.15,2.84,1.60,1.44,6.01,2.55,5.80,4.55,3.95,2010
USC00194313,4.21,5.15,13.72,2.52,2.85,2.70,2.11,4.89,1.94,8.21,4.81,4.46,2010
USW00054756,2.66,1.54,6.50,1.24,2.01,3.50,2.65,1.80,3.49,5.28,3.80,2.56,2010
USC00196938,4.16,5.01,16.11,1.61,2.71,2.80,5.43,3.92,2.86,5.09,4.93,4.73,2010
USC00193229,3.72,4.14,5.71,3.70,2.28,3.98,3.31,2.50,2.22,7.63,3.89,5.59,2010
USC00192501,3.11,4.30,8.66,1.58,3.22,3.33,3.24,4.49,8.48,7.75,4.63,3.44,2010
USC00190408,3.54,2.40,8.40,1.17,2.16,5.13,3.76,3.06,1.94,7.66,4.02,3.62,2010
USC00194711,4.69,4.92,18.40,1.47,3.14,2.37,6.17,4.54,2.89,4.92,4.29,5.00,2010
USC00193890,1.99,4.74,17.45,2.13,2.92,3.52,2.63,8.05,2.00,5.43,3.75,3.93,2010
USC00192451,3.63,4.15,13.53,1.52,2.17,2.24,3.23,4.59,3.26,6.81,4.61,3.51,2010
USC00198757,4.02,4.99,16.75,2.17,2.69,2.86,1.67,4.86,2.32,4.85,4.48,5.23,2010
USW00014753,4.03,5.07,18.81,2.45,2.65,2.69,1.26,8.68,1.99,5.70,4.31,4.71,2010
USW00014756,1.54,2.42,4.95,1.34,2.02,3.74,2.82,5.51,3.81,6.13,3.34,2.65,2010
USC00190213,2.81,4.73,7.94,1.13,2.62,3.33,3.30,2.84,1.59,9.22,3.50,5.06,2010
USW00054704,2.93,3.97,7.07,1.04,2.48,1.53,1.25,5.25,2.02,4.58,3.83,1.12,2010
USC00193276,3.37,6.37,18.93,1.62,3.17,2.10,1.16,4.99,2.91,5.11,3.92,3.70,2010
USW00014702,2.81,4.77,15.04,1.79,3.44,2.00,1.74,3.77,1.85,4.63,3.61,3.08,2010
USC00190120,2.83,3.91,5.78,0.86,2.15,3.69,2.99,2.33,2.31,7.19,3.67,4.43,2010
USC00191386,4.05,3.74,7.94,1.44,2.81,2.23,2.95,4.99,4.83,5.54,3.39,5.09,2010
USC00190860,3.73,4.80,17.84,2.06,2.53,1.76,1.59,4.61,1.90,3.20,3.61,3.47,2010
USW00054733,2.94,4.06,16.16,2.08,1.72,2.69,2.34,6.18,2.02,4.13,3.96,1.69,2010
USC00197627,3.81,6.77,9.44,1.69,3.21,4.28,4.26,3.85,1.69,8.06,3.78,4.52,2010
USW00014739,2.91,3.34,14.87,1.78,2.90,3.18,2.66,5.75,1.80,3.91,2.96,3.61,2010
USC00196783,3.63,6.13,17.27,2.23,2.99,2.51,2.67,4.21,2.54,5.08,3.81,4.41,2010
USW00054768,2.07,2.33,4.87,1.42,1.87,4.11,4.83,1.61,2.39,6.47,2.87,2.91,2010
USW00054769,4.33,3.63,13.78,1.65,2.56,1.64,4.84,4.17,2.57,5.67,4.05,3.46,2010
USC00190998,3.35,4.35,11.56,1.02,2.36,3.80,1.87,0.68,1.41,4.69,3.71,1.34,2010
USC00195524,3.60,4.65,12.44,1.75,3.26,2.91,2.13,3.32,1.98,5.12,3.70,3.96,2010
USC00190593,4.04,0.73,15.71,2.19,2.38,2.62,2.20,5.97,1.50,3.63,4.24,2.39,2010
USC00190666,2.46,3.79,8.48,1.24,2.08,3.24,2.68,2.62,1.30,7.43,3.50,3.43,2010
USC00199371,3.53,5.60,6.25,1.81,3.08,4.59,2.55,3.36,1.40,7.94,3.10,5.11,2010
USC00192997,3.96,5.73,14.37,2.02,3.04,2.67,2.72,4.23,2.81,5.48,3.85,5.98,2010
USW00014763,2.22,3.06,2.85,1.67,2.20,4.13,3.83,2.22,3.66,7.71,3.20,2.60,2010
USC00198278,3.29,4.17,6.15,0.91,2.33,3.61,3.20,1.92,1.76,7.97,4.15,5.14,2010
USW00094746,3.29,4.77,10.24,1.37,2.86,4.02,2.59,4.37,2.27,6.21,4.26,5.15,2010
USC00190840,3.94,4.61,17.81,1.72,3.48,2.49,3.72,5.12,2.73,4.30,4.24,4.26,2010
USC00190562,2.51,3.68,6.06,0.98,2.74,3.60,3.75,4.31,1.14,6.89,3.59,2.49,2010
USC00190190,3.00,5.74,11.32,1.46,3.06,3.19,4.97,3.43,2.03,6.92,3.98,3.98,2010
USC00190192,2.58,2.95,11.34,1.42,2.94,2.65,4.06,3.43,1.71,7.50,5.14,3.99,2010
USC00198793,3.02,3.69,6.17,1.14,3.43,3.65,4.17,3.81,1.05,6.79,4.02,3.15,2010
USC00194131,3.00,4.68,5.70,1.36,2.19,4.22,4.35,1.68,1.07,9.73,2.61,4.52,2010
USC00195175,3.09,4.10,12.03,2.19,3.52,3.24,2.06,4.92,3.44,4.96,3.77,4.35,2010
USC00194760,3.58,5.07,13.74,1.70,3.33,2.62,2.00,3.84,2.61,4.51,4.01,5.32,2010
USC00199972,3.54,5.90,8.28,1.27,2.58,3.70,1.97,3.26,2.10,10.52,3.74,5.95,2010
USC00199193,3.75,5.02,8.65,1.41,2.45,4.04,2.50,3.26,2.66,9.59,4.02,6.49,2010
USC00194105,2.06,5.64,11.78,1.05,2.81,1.37,1.42,3.74,1.66,4.21,3.44,2.72,2010
USC00198573,4.04,3.31,6.01,1.43,2.14,2.77,2.26,2.28,1.56,7.87,3.52,3.00,2010
USW00094720,2.90,3.41,7.83,1.31,2.76,2.08,2.65,3.17,5.69,5.42,3.62,2.72,2010
USW00094723,1.32,4.01,11.27,0.74,1.41,0.59,0.93,2.21,2.01,4.33,1.95,1.99,2010
USW00094724,2.31,3.42,7.64,1.31,3.04,3.43,2.27,3.48,5.80,7.17,4.10,2.31,2010
USW00094726,3.11,3.98,12.16,1.69,2.13,3.49,3.38,2.63,2.30,5.14,4.33,3.11,2010
USW00054777,3.32,4.21,15.17,1.53,2.69,2.85,3.93,3.83,2.65,4.19,3.76,3.52,2010
USC00193821,3.27,4.29,7.77,1.55,2.25,4.24,3.69,3.63,7.38,5.94,4.19,3.48,2010
USC00195285,3.54,5.52,17.64,2.49,3.49,1.80,1.94,6.26,1.67,5.50,4.52,3.50,2010
USC00196486,4.35,4.07,14.32,1.98,3.04,1.70,3.22,4.62,1.67,6.21,4.22,2.05,2010
USC00192107,3.81,3.93,7.87,1.39,3.07,5.99,1.47,3.78,1.42,7.80,2.62,4.52,2010
USC00194580,3.84,4.51,3.07,5.25,3.41,5.38,1.62,9.26,6.64,6.73,4.00,4.49,2011
USC00195984,5.05,4.71,2.54,5.51,3.02,3.72,3.83,7.91,6.40,10.55,4.96,4.13,2011
USW00014775,1.37,3.61,5.26,5.54,4.73,7.43,1.55,8.24,8.11,5.15,3.45,5.10,2011
USC00194502,4.67,3.81,2.46,5.18,2.92,5.45,2.48,9.65,3.98,11.21,4.12,3.93,2011
USC00193505,4.44,3.80,3.42,4.54,2.95,4.63,1.59,6.94,4.66,9.78,3.33,3.87,2011
USC00193213,2.28,2.82,1.51,3.69,3.42,5.13,0.87,5.02,0.92,1.53,1.81,3.23,2011
USW00004780,2.07,3.96,4.20,4.44,2.72,5.78,1.06,7.92,7.36,4.72,2.95,3.42,2011
USC00193624,4.85,5.39,1.89,5.52,3.44,4.41,3.29,5.91,6.55,9.22,4.15,4.04,2011
USW00094624,4.82,4.24,2.48,4.43,2.94,3.62,3.76,3.57,2.41,6.64,4.45,2.83,2011
USC00194744,4.38,4.93,2.42,4.96,2.59,5.22,2.01,10.16,5.25,9.92,3.75,4.12,2011
USC00194313,5.57,4.94,4.87,5.94,5.15,5.39,2.47,12.90,8.31,9.16,4.10,3.76,2011
USW00054756,1.83,3.96,5.41,5.29,3.91,7.19,2.22,9.11,7.98,5.62,3.92,5.11,2011
USC00196938,4.21,4.31,2.76,7.62,2.51,4.32,3.84,6.08,5.91,9.18,4.51,4.21,2011
USC00193229,3.63,3.72,5.91,5.52,4.45,7.30,1.58,6.10,2.96,5.02,3.41,4.94,2011
USC00192501,3.71,3.30,1.86,6.10,2.66,4.67,3.50,4.11,3.94,7.28,4.35,2.71,2011
USC00190408,2.99,4.15,4.59,4.84,4.00,5.94,2.31,10.52,7.70,5.10,3.91,4.75,2011
USC00194711,4.22,4.68,2.63,6.67,3.95,3.99,3.81,5.89,6.26,9.02,4.20,4.11,2011
USC00193890,5.02,4.48,2.61,4.59,3.70,5.02,1.66,10.45,6.49,10.76,4.64,4.15,2011
USC00192451,3.63,4.14,2.24,7.11,3.38,4.50,4.46,4.84,4.98,9.16,3.72,3.34,2011
USC00198757,4.69,4.33,2.74,4.89,4.08,4.97,2.51,10.00,5.72,9.19,4.78,3.99,2011
USW00014753,6.01,4.92,2.69,4.61,3.97,5.11,2.38,8.35,6.02,9.97,4.67,3.84,2011
USW00014756,2.92,2.10,1.57,2.97,1.95,3.71,1.48,3.31,1.27,6.39,2.63,3.10,2011
USC00192107,3.76,4.38,4.91,5.99,4.59,6.51,1.85,15.30,8.76,7.35,4.32,5.14,2011
USC00190562,2.93,3.88,4.33,5.06,5.15,3.97,2.47,11.30,7.87,6.98,3.90,4.45,2011
USW00054704,3.03,3.59,2.15,4.05,3.50,4.36,2.07,6.30,5.88,7.85,4.57,3.58,2011
USC00193276,4.58,5.14,2.63,4.28,3.08,5.33,1.91,6.52,4.52,10.11,3.21,3.84,2011
USW00014702,2.36,3.72,2.51,4.30,2.38,6.03,1.47,9.54,4.61,7.13,3.50,3.89,2011
USC00190120,2.97,3.48,5.33,5.43,4.25,5.84,1.81,10.05,8.48,6.77,3.50,4.69,2011
USC00191386,5.07,3.57,1.82,4.33,2.07,3.35,4.87,3.58,2.06,7.76,4.29,2.53,2011
USC00190860,3.49,4.24,2.12,4.40,2.48,3.34,2.93,3.87,4.68,8.38,3.91,3.66,2011
USW00054733,2.63,3.40,2.30,4.69,2.81,4.89,1.49,11.06,4.29,10.71,3.51,3.91,2011
USC00190998,3.71,2.65,4.12,5.52,3.98,5.59,1.76,13.18,7.35,6.44,4.83,5.15,2011
USW00014739,4.57,4.57,2.10,4.04,3.24,4.76,2.04,7.74,4.40,6.76,4.21,3.97,2011
USC00196783,5.20,5.18,2.85,4.46,2.17,5.31,1.87,11.31,5.04,8.41,4.11,4.05,2011
USW00054768,1.40,2.35,3.56,4.44,2.80,5.55,2.21,9.22,8.29,3.80,2.13,4.27,2011
USW00054769,2.47,4.29,2.60,5.67,2.43,3.42,4.97,3.66,5.97,7.31,3.61,3.04,2011
USC00190593,4.37,4.04,2.52,5.01,1.51,1.90,1.74,10.72,1.66,11.24,3.64,3.53,2011
USC00190666,2.82,3.32,5.74,4.89,2.75,5.72,2.36,8.58,6.69,6.59,3.51,5.05,2011
USC00199371,3.98,4.27,5.63,5.11,3.86,5.70,2.91,13.37,12.05,5.38,2.64,4.95,2011
USC00192997,4.44,4.50,2.78,5.31,2.85,4.03,2.56,8.23,6.98,7.30,4.57,4.51,2011
USW00014763,2.19,3.70,4.19,5.83,3.18,6.91,2.13,6.14,9.97,3.94,2.32,4.75,2011
USC00198278,3.54,3.76,5.54,5.87,4.96,6.74,1.96,9.56,9.06,7.24,3.43,5.71,2011
USW00094746,4.10,5.30,3.99,5.54,3.85,6.91,2.20,12.21,7.27,6.36,4.27,5.15,2011
USC00190840,4.21,4.85,2.22,6.07,3.10,2.95,3.33,6.37,7.41,10.09,4.53,4.01,2011
USC00198793,3.24,4.04,5.37,4.93,4.91,6.38,3.05,10.91,6.67,7.50,4.30,4.64,2011
USC00190190,3.15,3.30,5.71,5.10,4.01,5.64,1.54,10.23,7.52,7.00,4.72,4.39,2011
USC00190192,2.65,2.65,6.17,4.80,3.27,5.75,1.66,11.76,7.49,5.89,2.56,4.50,2011
USC00191821,0.04,0.97,4.39,5.61,2.70,7.67,2.65,5.40,10.72,3.30,2.65,4.61,2011
USC00195175,3.93,4.24,2.67,4.36,3.22,4.30,2.13,11.56,5.94,6.85,4.01,3.98,2011
USC00194760,3.97,4.51,2.73,4.99,2.10,5.92,1.93,12.86,6.48,6.66,4.34,3.78,2011
USC00199972,3.71,3.90,5.94,5.99,4.60,6.31,2.59,12.29,14.09,6.96,3.18,5.16,2011
USC00199193,4.01,4.25,7.54,6.33,4.42,6.96,2.43,10.78,9.58,8.34,3.24,5.62,2011
USC00194105,0.13,2.63,2.99,1.74,2.71,4.26,1.07,6.29,5.46,11.23,3.65,3.63,2011
USC00198573,2.89,3.83,5.91,4.69,3.66,5.97,2.43,9.50,6.88,6.16,3.62,5.13,2011
USC00195524,4.75,4.32,3.37,5.37,3.07,5.06,2.50,13.43,5.77,7.53,4.20,4.41,2011
USW00094720,3.26,4.00,2.15,5.87,1.92,3.56,3.74,3.63,4.24,6.53,3.08,2.61,2011
USW00094723,1.17,2.48,1.97,3.74,2.93,3.82,1.37,4.68,4.96,7.99,3.50,3.64,2011
USW00094724,3.03,3.37,2.13,6.35,1.83,4.49,1.36,3.54,3.77,6.98,4.21,2.96,2011
USW00094726,3.09,5.05,2.56,5.62,3.89,3.97,3.52,4.19,5.76,7.80,4.23,3.85,2011
USW00054777,3.38,4.25,2.22,5.54,2.52,3.65,3.52,7.31,7.36,8.69,3.56,3.96,2011
USC00197627,4.81,4.48,5.34,5.60,4.62,6.76,2.70,13.44,7.92,6.04,2.93,5.57,2011
USC00193821,3.32,4.20,2.15,6.46,2.61,3.62,4.40,3.26,5.33,5.33,3.68,2.89,2011
USC00195285,4.96,3.64,3.59,5.11,4.48,6.19,3.25,7.54,3.91,10.86,3.00,3.71,2011
USC00196486,4.55,5.19,2.18,5.72,3.38,3.67,5.14,5.09,7.00,9.12,4.00,2.96,2011
USC00194502,3.10,1.11,1.69,2.76,4.15,5.57,3.30,4.98,4.58,5.33,1.53,6.94,2012
USC00194580,1.72,1.00,1.15,3.56,1.97,2.08,1.17,2.85,2.07,3.37,0.59,2.86,2012
USC00195984,3.44,0.93,1.85,3.66,4.31,5.37,2.35,5.40,3.78,5.69,1.94,5.89,2012
USW00014775,2.98,1.19,1.60,2.96,4.00,4.46,2.08,7.30,5.74,3.27,0.36,4.44,2012
USC00193505,2.99,1.05,2.20,3.40,3.20,5.17,1.67,2.98,2.19,5.32,0.69,5.87,2012
USC00196783,3.44,1.26,1.68,3.76,4.61,4.41,3.69,3.29,3.35,4.94,1.17,6.49,2012
USC00193213,1.53,0.54,0.55,1.71,4.75,0.87,2.83,2.32,5.98,4.41,0.69,2.02,2012
USW00004780,2.26,1.14,1.24,3.05,3.46,4.26,1.47,4.92,3.24,5.94,0.48,3.78,2012
USC00193624,2.96,0.96,1.98,2.99,3.91,4.23,2.22,5.29,3.93,4.89,2.04,6.53,2012
USW00094624,3.32,2.12,1.50,1.74,5.30,1.87,2.56,1.81,4.94,1.56,2.44,6.36,2012
USC00194744,3.19,0.85,1.60,3.96,4.76,6.02,3.40,3.62,2.68,2.45,0.97,7.13,2012
USC00194313,3.03,0.97,2.27,3.94,6.34,5.81,2.14,6.97,3.61,7.08,1.19,5.22,2012
USW00054756,2.59,1.05,1.20,2.32,4.57,4.02,1.30,3.53,5.63,4.02,0.27,3.36,2012
USC00196938,3.57,1.04,1.63,3.01,5.82,3.83,2.89,5.07,6.66,3.83,2.43,7.16,2012
USC00193229,3.46,0.74,1.69,2.52,6.75,4.16,1.94,4.14,7.23,4.61,0.35,5.00,2012
USC00192501,4.13,2.06,1.75,1.94,6.85,1.83,3.45,5.04,4.27,3.52,2.73,6.15,2012
USC00190408,3.09,0.80,1.57,2.74,4.34,4.01,2.15,5.96,5.19,4.11,0.71,4.15,2012
USC00194711,3.48,1.00,1.70,3.41,4.23,3.69,3.32,6.61,5.09,4.88,2.56,6.87,2012
USC00193890,3.62,0.68,2.00,3.54,4.14,6.10,3.23,2.93,3.90,4.28,1.46,7.11,2012
USC00192451,3.49,0.97,1.81,1.95,6.56,3.37,2.82,6.43,7.50,4.59,3.37,7.02,2012
USC00198757,2.73,0.72,1.95,3.77,3.91,4.47,2.57,5.17,3.81,7.37,1.16,2.22,2012
USW00014753,3.19,1.09,1.83,3.53,3.63,4.46,3.93,3.74,3.28,4.58,1.68,6.53,2012
USW00014756,2.15,1.89,0.94,0.84,3.63,1.43,3.26,3.03,3.13,3.62,3.70,6.09,2012
USC00192107,3.05,0.71,2.11,3.35,2.78,4.39,2.88,4.93,5.35,4.84,1.49,5.46,2012
USC00190562,2.54,0.89,1.29,1.94,4.15,3.79,2.66,4.98,6.63,3.63,0.45,3.46,2012
USW00054704,2.50,0.80,1.26,3.01,3.17,4.15,3.34,4.94,3.46,3.97,1.03,5.08,2012
USC00193276,3.19,1.13,2.42,3.56,4.00,4.80,1.24,3.22,3.45,4.76,0.79,7.13,2012
USW00014702,2.88,1.11,1.24,3.08,3.78,4.04,1.42,3.77,3.43,5.54,0.76,4.89,2012
USC00190120,2.89,0.79,1.45,2.55,4.89,4.14,2.45,5.80,7.32,3.53,0.32,4.25,2012
USC00191386,3.56,1.69,1.52,1.19,4.36,1.99,2.53,2.63,3.99,2.48,2.37,5.58,2012
USC00190860,2.57,1.29,1.37,3.09,4.81,5.16,5.07,5.52,6.46,7.46,2.02,5.14,2012
USW00054733,2.96,1.28,1.57,3.09,4.11,6.54,2.38,4.03,3.67,3.38,1.10,6.63,2012
USC00197627,3.03,0.81,2.14,4.11,3.65,5.40,3.12,5.58,5.63,4.98,1.21,6.07,2012
USW00014739,2.68,1.00,1.22,3.09,3.43,4.71,3.88,3.08,4.10,2.62,1.01,5.93,2012
USW00054768,2.34,0.55,1.31,1.89,4.43,1.94,1.17,4.88,5.26,3.84,0.58,2.81,2012
USW00054769,2.56,1.05,1.20,2.17,4.88,3.83,3.62,4.30,5.17,2.92,2.98,5.56,2012
USC00190998,3.38,0.83,1.69,3.52,3.65,3.99,2.67,4.91,5.70,4.40,1.49,4.33,2012
USC00195524,3.12,0.63,1.94,3.48,3.61,4.36,2.77,6.63,5.13,5.19,0.66,5.52,2012
USC00190593,2.72,1.09,1.95,3.24,4.48,5.74,1.41,5.06,2.13,3.63,1.36,5.90,2012
USC00190666,2.74,0.90,1.48,2.56,4.71,3.42,1.69,6.29,5.76,5.88,0.41,4.31,2012
USC00193821,4.78,2.33,1.66,1.43,6.18,1.95,1.33,5.02,6.47,3.15,2.81,5.85,2012
USC00199371,3.44,1.07,1.89,2.34,5.70,2.81,3.37,2.73,9.10,6.03,1.07,6.42,2012
USC00192997,3.09,0.60,1.80,4.12,3.93,4.46,2.57,3.17,4.89,5.59,1.00,5.37,2012
USW00014763,3.19,1.03,1.14,1.83,5.13,2.35,1.93,4.56,6.29,4.41,0.70,3.85,2012
USC00198278,3.46,0.77,1.66,2.61,5.67,4.98,2.29,6.17,7.12,4.85,0.27,4.62,2012
USW00094746,3.04,1.43,1.66,3.12,4.00,5.54,3.17,6.70,4.81,4.17,1.19,5.11,2012
USC00190840,2.69,0.76,1.80,2.96,4.97,3.65,2.89,6.73,4.29,5.34,2.25,5.94,2012
USC00190190,2.89,0.83,2.22,3.18,4.52,3.74,1.39,5.01,4.61,6.56,0.68,4.68,2012
USC00190192,2.87,0.89,1.99,2.60,3.94,3.40,1.40,5.59,5.52,7.26,0.36,4.63,2012
USC00198793,2.78,0.89,1.79,2.56,5.03,4.55,3.44,6.20,5.30,4.28,0.63,4.45,2012
USC00194131,3.71,1.19,1.56,2.05,6.98,2.87,2.60,1.20,6.06,4.75,0.88,5.20,2012
USC00195175,3.38,0.65,1.80,3.63,4.44,3.41,5.80,3.59,4.53,6.27,0.83,5.36,2012
USC00194760,3.18,0.56,1.70,3.89,4.26,4.07,3.19,4.71,4.31,6.34,0.64,5.40,2012
USC00199972,4.15,0.88,2.03,2.81,6.15,3.97,2.51,3.38,7.29,5.15,0.48,7.00,2012
USC00199193,4.60,1.13,2.46,3.46,4.48,5.92,2.17,5.34,6.34,4.37,0.42,7.70,2012
USC00194105,2.62,0.70,1.54,3.81,3.73,4.22,1.30,3.10,3.19,2.35,0.78,2.74,2012
USC00198573,3.28,0.82,1.50,2.34,5.46,3.79,2.82,3.41,5.06,5.12,0.39,3.92,2012
USW00094720,3.41,1.69,1.15,1.02,5.45,2.66,3.33,2.38,6.48,0.91,2.60,6.04,2012
USW00094723,2.54,1.11,1.32,3.04,3.48,4.31,1.51,2.59,2.98,2.85,0.58,4.61,2012
USW00094724,3.13,2.33,1.17,1.62,5.89,1.62,6.10,2.39,3.44,3.59,2.98,6.35,2012
USW00094726,3.46,1.37,1.13,2.93,4.67,2.70,4.06,2.80,4.76,2.41,1.58,5.94,2012
USW00054777,2.85,1.19,1.24,2.93,4.69,3.49,1.96,5.48,6.20,4.05,1.75,5.77,2012
USC00195285,3.41,1.12,2.98,4.11,4.18,6.56,0.86,4.44,3.44,4.39,0.83,8.07,2012
USC00196486,3.87,1.75,2.12,2.61,5.84,3.52,2.87,7.16,5.89,2.85,3.16,8.33,2012
USC00194502,0.95,6.39,3.42,1.82,4.03,11.02,3.06,2.15,1.70,0.97,1.98,4.21,2013
USC00195984,2.10,6.94,5.77,1.90,3.92,11.75,3.52,3.76,1.98,1.98,4.80,4.78,2013
USW00014775,2.06,2.30,2.13,1.61,5.47,10.84,4.23,4.98,2.37,1.83,3.35,2.67,2013
USC00193505,0.98,5.02,3.19,1.88,4.41,8.33,5.77,1.11,3.75,0.74,2.94,4.14,2013
USC00193213,0.43,1.13,1.35,1.34,4.65,5.97,3.53,5.04,4.20,1.11,1.21,2.05,2013
USW00004780,1.49,3.02,2.52,1.55,5.38,8.53,3.47,2.15,1.65,1.28,2.67,3.46,2013
USC00193624,1.82,6.82,4.84,2.31,3.49,12.37,3.85,3.07,1.43,1.07,2.82,5.46,2013
USW00094624,1.98,6.22,5.07,3.56,4.97,6.96,4.09,1.45,1.57,0.98,4.61,3.91,2013
USC00194744,0.93,5.13,4.19,1.75,4.10,8.70,4.48,2.43,2.54,1.11,3.35,5.30,2013
USC00194313,2.22,5.48,3.76,2.09,5.02,8.19,7.81,2.46,2.60,1.54,3.17,4.95,2013
USW00054756,2.28,1.87,2.23,1.85,5.72,9.39,2.31,3.96,3.04,2.70,3.67,3.20,2013
USC00196938,2.39,6.11,6.02,2.50,4.25,10.86,3.89,3.28,2.63,0.67,5.50,4.71,2013
USC00193229,1.94,4.00,2.45,2.46,6.74,10.90,4.74,3.71,4.31,1.51,4.20,2.21,2013
USC00192501,3.07,6.63,4.20,4.63,5.40,6.63,3.71,2.34,0.31,0.70,4.17,4.70,2013
USC00190408,1.87,3.43,2.40,2.14,5.09,8.84,4.72,3.98,3.61,1.24,3.30,3.42,2013
USC00194711,2.07,6.57,5.00,2.27,4.19,10.90,3.57,2.76,1.89,0.99,5.39,4.89,2013
USC00194580,0.89,3.78,2.62,1.19,3.11,2.60,1.96,1.29,1.67,0.64,1.19,1.82,2013
USC00193890,1.40,6.80,3.87,1.84,4.22,10.93,3.88,2.00,3.18,0.76,2.85,4.83,2013
USC00192451,2.17,3.96,5.40,2.84,5.50,9.77,3.15,1.82,2.61,0.95,4.28,4.50,2013
USC00198757,1.57,4.69,3.70,1.70,4.57,10.95,4.63,2.82,2.91,0.99,3.71,4.51,2013
USW00014756,1.78,5.35,4.58,4.87,5.81,4.87,3.88,2.37,0.56,1.10,4.44,3.66,2013
USC00190562,1.80,2.82,1.83,2.08,6.04,8.17,5.62,4.46,5.14,2.40,3.48,3.80,2013
USW00054704,1.26,3.23,2.57,1.56,3.63,10.42,2.43,2.76,3.47,0.32,3.26,3.49,2013
USC00193276,1.37,4.76,3.38,1.83,4.35,7.80,4.79,2.42,3.71,0.89,2.59,4.47,2013
USW00014702,0.89,2.96,1.58,1.46,3.33,8.46,2.91,1.98,2.11,0.86,2.60,3.92,2013
USC00190120,2.07,2.69,1.82,2.13,5.86,9.44,4.95,3.50,3.36,1.64,4.19,3.47,2013
USC00191386,1.60,7.01,4.95,3.68,3.50,7.20,4.37,1.22,1.72,0.26,4.33,3.91,2013
USC00190860,1.46,6.04,5.09,1.57,3.86,11.17,2.70,3.38,2.14,1.37,4.05,3.81,2013
USW00054733,1.20,3.74,2.16,1.74,3.02,8.70,2.79,2.83,3.15,1.27,2.93,4.12,2013
USC00197627,2.15,3.87,3.04,1.33,6.00,11.23,3.39,3.91,3.47,2.01,3.78,4.63,2013
USC00199193,2.36,4.77,2.76,1.99,6.09,10.65,4.70,6.01,2.63,1.54,4.08,3.41,2013
USW00014739,1.09,5.27,3.33,1.37,3.22,10.50,3.62,1.84,2.22,0.62,2.72,4.63,2013
USC00196783,1.40,5.09,3.47,1.58,4.23,9.37,3.30,2.13,2.81,1.12,2.73,5.05,2013
USW00054768,1.56,1.31,1.53,2.71,6.72,7.40,1.92,6.11,6.75,2.29,3.12,2.19,2013
USW00054769,1.78,3.50,3.58,1.85,4.28,10.32,2.98,2.26,1.78,1.20,4.29,3.53,2013
USC00190998,2.19,3.93,2.83,1.69,5.00,10.64,3.50,3.43,3.68,2.20,3.23,4.39,2013
USC00190666,2.16,3.65,2.56,2.22,4.64,8.41,1.82,4.81,3.03,1.78,3.65,3.65,2013
USC00193821,1.76,4.05,6.15,3.64,4.93,9.06,2.40,1.72,4.83,0.68,4.69,3.70,2013
USC00190593,1.05,4.77,2.46,1.69,2.73,7.19,3.57,2.86,2.83,0.84,1.33,5.00,2013
USC00199371,2.44,3.44,2.52,2.52,5.86,5.81,2.85,5.69,4.44,1.44,3.78,3.88,2013
USC00192997,1.75,4.78,3.24,1.72,3.52,10.17,5.12,2.83,2.53,1.82,3.72,4.48,2013
USW00014763,2.28,1.36,1.79,2.48,6.70,7.37,1.31,4.83,3.69,1.73,3.30,2.80,2013
USC00198278,2.28,4.42,2.23,2.15,6.04,8.47,6.55,5.16,3.63,1.98,4.17,3.48,2013
USW00094746,1.96,4.94,3.69,1.80,4.46,10.07,2.97,3.18,3.23,1.43,3.62,4.43,2013
USC00190840,1.84,6.33,5.42,2.15,4.04,11.27,4.35,2.62,1.90,1.75,4.70,4.44,2013
USC00190190,1.60,4.26,3.28,2.16,5.95,8.32,3.49,4.70,3.43,1.93,3.32,3.85,2013
USC00190192,1.88,4.11,2.72,2.44,7.55,8.10,2.44,4.95,1.76,1.96,3.26,3.31,2013
USC00198793,1.89,3.63,2.45,1.91,5.76,7.84,6.69,4.08,3.30,2.33,3.29,3.94,2013
USC00194131,2.39,3.22,2.63,2.30,5.95,6.59,2.58,3.81,4.38,1.23,3.65,3.52,2013
USC00195175,1.34,5.24,3.21,1.76,4.13,10.70,5.07,1.87,6.63,1.24,2.78,4.85,2013
USC00194760,1.70,5.67,2.63,1.78,3.14,11.73,2.92,2.31,2.22,1.73,3.17,4.22,2013
USC00199972,2.38,4.19,2.68,2.22,6.62,10.91,4.35,4.11,4.80,1.54,3.85,4.12,2013
USC00194105,1.27,4.76,3.38,2.00,3.82,9.04,6.30,3.17,3.89,0.93,2.49,4.12,2013
USC00198573,2.23,3.15,2.31,2.22,5.11,8.84,1.91,4.15,4.43,2.24,4.04,3.81,2013
USC00195524,1.54,5.34,3.02,1.67,3.55,11.98,3.39,2.37,1.39,2.22,2.85,4.59,2013
USW00094720,1.83,4.99,4.78,3.79,4.56,10.06,2.69,1.62,3.75,0.67,4.39,4.49,2013
USW00094723,1.28,2.48,1.36,1.57,3.64,7.69,4.66,2.71,2.81,0.87,3.38,3.06,2013
USW00094724,1.94,4.87,3.89,3.27,4.38,6.84,3.38,2.56,0.42,1.01,4.06,3.80,2013
USW00094726,1.88,4.00,3.96,2.00,4.50,9.67,2.42,3.94,2.76,0.86,4.76,4.34,2013
USW00054777,2.04,3.52,4.14,1.93,3.50,11.07,4.14,2.67,1.69,0.78,4.37,4.31,2013
USC00195285,1.28,6.04,3.22,2.53,4.77,7.51,4.27,1.84,4.15,0.48,2.71,4.53,2013
USC00196486,1.98,7.01,5.24,2.35,4.09,11.20,4.71,1.75,1.36,0.88,4.43,4.79,2013
USC00192107,1.77,3.85,3.04,1.49,5.98,9.68,3.77,3.83,4.31,2.57,3.46,3.72,2013
USC00194580,1.63,3.25,4.61,0.55,2.38,2.36,2.22,3.17,0.71,4.13,4.59,5.28,2014
USC00195984,4.88,5.08,4.75,4.08,3.69,2.19,2.62,1.21,0.67,8.59,6.51,6.57,2014
USW00014775,2.44,2.30,3.84,5.39,4.11,3.56,6.71,4.72,0.91,4.71,2.85,4.45,2014
USC00194502,2.85,4.44,5.03,3.10,3.03,2.58,4.80,1.40,1.26,7.97,5.92,7.00,2014
USC00193505,3.18,4.55,4.51,3.09,2.74,1.73,5.74,3.24,1.39,6.15,4.64,7.32,2014
USW00004780,2.18,3.17,4.17,3.42,3.37,2.02,4.41,2.63,1.81,5.22,3.60,4.44,2014
USC00193624,4.47,5.14,4.89,4.46,3.16,2.36,3.48,1.38,1.06,8.68,7.33,7.17,2014
USW00094624,3.17,6.09,3.63,3.09,1.83,2.75,3.74,3.26,1.24,4.77,8.45,6.87,2014
USC00194744,3.47,4.34,4.32,2.86,2.77,2.03,7.26,2.20,2.58,8.08,4.60,8.45,2014
USC00194313,3.46,4.72,5.50,3.74,3.72,2.77,5.44,3.68,2.12,7.44,4.38,5.45,2014
USW00054756,3.21,2.31,3.26,4.44,1.12,0.00,1.49,3.64,1.63,6.29,3.53,4.58,2014
USC00196938,4.84,5.38,6.39,4.47,3.28,1.98,8.14,2.20,0.85,6.91,6.74,6.17,2014
USC00193229,2.94,3.41,4.15,3.29,4.94,5.81,7.54,5.26,1.60,6.73,2.52,4.81,2014
USC00192501,3.44,6.89,3.64,1.94,1.49,3.11,2.97,1.54,1.69,4.46,6.70,7.14,2014
USC00190408,2.65,3.33,4.72,3.96,5.52,1.89,5.76,3.31,3.33,8.27,3.51,4.34,2014
USC00194711,4.74,5.74,5.39,4.28,3.56,1.72,7.46,1.53,0.75,8.43,7.33,6.71,2014
USC00193890,3.57,5.38,4.13,3.71,3.45,2.57,5.64,1.46,0.76,6.57,4.58,7.50,2014
USC00192451,3.67,4.57,5.90,3.75,2.80,2.15,8.93,2.65,1.52,7.94,7.15,5.98,2014
USC00198757,3.47,4.42,4.51,3.35,3.30,2.03,5.55,2.24,0.30,7.18,5.36,6.22,2014
USW00014756,2.66,4.58,2.57,2.61,1.50,2.98,2.81,2.10,2.38,4.43,8.24,6.48,2014
USC00190562,3.72,3.88,5.21,4.06,5.52,1.80,6.69,3.46,1.59,5.84,3.38,5.37,2014
USW00054704,2.71,3.21,3.84,3.06,2.51,1.68,3.96,1.56,0.55,7.59,5.02,4.96,2014
USC00193276,3.31,4.86,4.96,2.66,2.65,1.49,6.50,3.19,1.09,6.14,4.55,7.81,2014
USW00014702,2.22,3.18,4.41,3.48,2.68,2.49,6.37,2.89,0.92,4.61,4.26,5.87,2014
USC00190120,3.07,3.55,4.25,3.96,4.52,2.84,6.94,4.65,1.34,6.02,3.33,4.35,2014
USC00191386,3.60,6.37,3.04,2.28,1.85,2.62,3.52,2.57,1.73,4.99,8.73,6.86,2014
USC00190860,4.56,4.42,5.35,4.80,3.11,1.88,3.63,0.94,0.70,7.10,6.87,6.24,2014
USW00054733,2.79,3.74,4.27,2.86,2.46,3.02,4.65,2.56,1.24,8.60,5.22,7.57,2014
USC00197627,3.52,4.18,5.34,4.01,4.90,1.79,3.74,2.86,1.39,5.54,4.68,4.78,2014
USC00199193,3.19,4.07,4.15,4.20,7.51,3.80,6.31,4.81,1.76,6.05,3.98,5.64,2014
USC00194105,2.30,4.64,1.12,2.20,3.47,3.10,6.12,2.97,2.13,5.88,4.36,5.83,2014
USW00014739,3.24,4.13,4.48,3.23,2.86,2.62,4.57,1.75,0.70,5.84,5.27,6.57,2014
USC00196783,2.95,4.58,4.72,3.58,3.10,2.90,8.01,2.80,1.32,6.10,4.92,7.31,2014
USW00054768,2.71,1.93,3.10,2.78,1.98,5.78,6.35,1.59,0.74,5.34,2.78,3.33,2014
USW00054769,3.15,3.62,4.83,4.31,2.27,1.63,6.27,2.34,0.75,6.32,6.28,5.57,2014
USC00190998,3.44,3.95,4.92,3.69,4.91,0.74,3.54,2.38,1.35,5.09,4.49,4.67,2014
USC00195524,3.34,4.85,4.83,3.58,3.89,2.23,4.48,3.20,0.62,4.96,5.07,5.05,2014
USC00190593,3.22,4.23,3.81,2.67,3.31,3.41,5.67,1.50,1.78,8.97,5.21,6.86,2014
USC00190666,3.54,3.98,4.65,4.02,5.23,2.28,10.87,3.48,1.56,6.46,2.13,4.89,2014
USC00193821,3.67,5.77,3.87,3.85,2.09,3.08,5.94,2.49,1.65,4.09,8.46,6.55,2014
USC00192997,3.19,3.80,4.76,4.02,3.78,2.84,4.69,3.26,0.65,6.52,5.25,5.73,2014
USW00014763,3.35,3.04,3.14,3.44,1.05,5.35,9.23,2.35,1.41,5.24,2.87,3.76,2014
USC00198278,3.39,3.62,4.05,4.03,4.86,3.24,7.74,4.95,0.98,5.89,3.56,4.80,2014
USW00094746,3.11,4.07,5.42,4.44,4.17,1.56,6.28,6.00,2.72,6.37,4.56,4.91,2014
USC00190840,4.31,4.77,4.85,4.66,3.37,1.65,5.99,0.98,1.17,7.51,7.02,6.18,2014
USC00198793,3.31,3.69,4.99,4.05,5.44,1.72,4.87,3.17,2.85,5.59,3.76,4.76,2014
USC00190190,3.35,4.07,4.64,3.98,5.48,1.88,7.77,2.71,2.59,8.94,3.85,4.89,2014
USC00190192,3.63,3.28,4.66,3.83,5.54,2.15,7.47,2.93,1.86,8.41,3.76,5.09,2014
USC00194131,3.18,3.90,2.84,3.11,3.36,9.07,10.32,1.76,1.14,5.40,3.57,6.58,2014
USC00194760,3.06,3.98,4.85,3.98,4.22,2.56,6.11,3.26,0.77,6.28,4.84,5.53,2014
USC00199972,3.18,4.34,3.90,3.38,4.67,5.12,9.75,3.67,1.53,8.43,3.69,5.70,2014
USW00094720,2.76,4.94,3.27,2.87,1.80,2.42,4.58,3.72,0.98,4.97,7.86,5.92,2014
USW00094723,2.08,2.71,4.30,3.12,2.38,1.60,5.68,3.32,1.49,5.62,3.61,5.53,2014
USW00094724,2.26,4.66,2.74,2.26,1.15,1.98,3.71,1.59,1.27,4.11,7.57,6.77,2014
USW00094726,3.40,3.80,6.53,4.22,2.52,1.47,9.83,2.00,0.86,5.07,5.79,4.86,2014
USW00054777,3.77,4.39,5.15,4.70,2.62,1.76,5.70,1.26,1.25,5.83,6.60,6.09,2014
USC00195285,3.68,6.40,4.44,2.76,3.33,2.04,5.89,3.45,2.09,6.11,4.61,9.68,2014
USC00196486,5.14,5.94,5.50,4.29,3.02,2.44,7.87,1.49,2.14,5.05,6.57,5.62,2014
USC00192107,2.91,3.70,5.59,4.29,4.72,1.19,4.79,3.86,1.70,5.34,3.04,4.42,2014
USC00198573,3.77,3.48,4.30,4.01,4.41,2.48,11.52,5.12,2.50,6.01,2.34,4.85,2014
USC00194502,2.48,1.91,3.41,2.83,0.62,7.79,2.20,1.11,1.97,3.04,0.0,0.0,2015
USC00194580,2.66,2.81,1.54,2.30,0.16,5.04,1.50,1.39,0.19,0.59,0.0,0.0,2015
USC00195984,4.20,3.84,3.60,2.85,0.46,6.00,3.69,1.76,2.22,1.92,0.0,0.0,2015
USW00014775,2.45,0.03,1.58,3.23,1.04,8.27,3.33,2.11,4.64,0.48,0.0,0.0,2015
USW00004780,2.74,2.30,1.74,2.30,0.86,6.27,2.31,1.92,4.77,0.32,0.0,0.0,2015
USC00193624,4.85,5.64,3.93,2.57,1.84,5.27,3.49,3.03,5.97,0.40,0.0,0.0,2015
USW00094624,4.94,3.50,5.16,1.52,1.00,2.77,2.39,5.21,4.23,3.05,0.0,0.0,2015
USC00194313,4.66,3.81,2.65,2.42,0.72,7.82,2.91,1.43,1.68,2.42,0.0,0.0,2015
USW00054756,3.26,1.46,1.70,2.00,1.05,7.62,3.33,2.46,6.51,0.31,0.0,0.0,2015
USC00196938,4.14,3.26,5.31,2.98,0.63,6.31,2.34,3.57,3.84,4.10,0.0,0.0,2015
USC00193229,4.44,2.31,1.67,2.13,0.54,9.17,6.32,4.62,5.92,1.40,0.0,0.0,2015
USC00192501,6.03,3.21,6.11,1.29,0.56,3.69,0.66,2.09,4.30,3.64,0.0,0.0,2015
USC00190408,4.69,2.58,2.33,1.83,1.39,6.99,3.42,1.97,3.68,1.27,0.0,0.0,2015
USC00194711,3.89,3.96,5.58,2.74,0.44,6.12,2.24,4.90,3.15,3.61,0.0,0.0,2015
USC00192451,5.11,2.85,5.91,1.80,0.96,3.78,1.87,2.60,0.00,1.27,0.0,0.0,2015
USC00198757,3.50,3.54,2.87,3.01,0.64,4.91,2.34,3.67,1.04,0.59,0.0,0.0,2015
USW00014756,3.33,2.17,4.06,1.57,1.02,3.54,0.01,1.34,1.61,2.64,0.0,0.0,2015
USW00054704,1.83,0.00,1.57,0.91,1.13,3.00,2.49,2.70,2.71,0.41,0.0,0.0,2015
USW00014702,2.43,0.60,1.99,1.83,1.27,5.36,1.81,2.27,4.30,0.37,0.0,0.0,2015
USC00190120,3.96,1.76,1.78,2.22,0.95,8.10,4.02,4.37,4.04,1.79,0.0,0.0,2015
USC00191386,4.40,3.93,4.71,1.26,0.91,3.31,1.98,3.42,2.17,5.41,0.0,0.0,2015
USC00190860,3.56,4.27,3.72,2.28,1.77,5.57,2.31,2.71,4.02,0.26,0.0,0.0,2015
USW00054733,2.28,0.49,0.89,2.54,0.85,5.64,1.97,3.36,5.01,0.30,0.0,0.0,2015
USW00014739,3.57,3.38,3.05,2.28,1.22,5.02,2.09,2.19,3.94,0.43,0.0,0.0,2015
USW00054768,2.60,0.61,0.95,2.02,1.09,5.47,4.21,3.44,5.98,0.56,0.0,0.0,2015
USW00054769,2.47,2.07,3.56,1.93,2.51,3.43,0.75,2.52,4.54,1.59,0.0,0.0,2015
USC00190998,4.14,2.83,2.57,3.02,0.94,6.92,2.11,2.51,2.78,1.92,0.0,0.0,2015
USC00190593,2.69,4.24,2.95,2.51,0.46,5.48,1.62,1.73,1.80,0.14,0.0,0.0,2015
USC00190666,4.33,3.65,1.91,1.79,0.43,6.55,3.98,2.64,5.11,1.60,0.0,0.0,2015
USC00192997,2.47,3.43,3.11,3.43,0.32,5.24,1.57,5.12,1.25,2.77,0.0,0.0,2015
USW00014763,3.36,2.62,1.57,2.91,1.58,8.13,5.00,2.97,4.57,0.21,0.0,0.0,2015
USC00198278,4.12,2.18,1.90,2.09,0.61,7.37,5.70,3.34,4.53,2.05,0.0,0.0,2015
USW00094746,5.03,3.28,2.43,2.98,0.60,6.35,2.87,3.21,4.15,0.60,0.0,0.0,2015
USC00190840,3.58,3.42,4.73,2.31,0.46,5.84,2.76,2.77,2.70,3.85,0.0,0.0,2015
USC00190562,4.03,2.85,2.81,2.54,0.85,7.90,4.21,2.59,4.37,1.26,0.0,0.0,2015
USC00190190,4.20,2.97,2.03,2.37,0.49,7.00,3.03,1.88,3.53,1.87,0.0,0.0,2015
USC00190192,4.31,3.28,1.98,2.15,1.05,6.15,3.24,3.24,3.37,2.05,0.0,0.0,2015
USC00198793,4.31,3.07,2.90,2.63,0.73,6.92,3.64,1.98,2.62,1.86,0.0,0.0,2015
USC00194760,4.01,2.89,3.52,3.42,0.44,6.09,3.59,3.86,2.12,2.75,0.0,0.0,2015
USC00199972,4.41,2.69,2.01,2.80,0.72,8.74,5.35,4.90,4.38,1.62,0.0,0.0,2015
USC00199193,4.20,1.93,2.05,4.00,0.84,8.67,4.84,2.76,6.08,0.00,0.0,0.0,2015
USC00194105,1.93,2.94,2.38,2.37,0.57,7.49,2.29,1.50,2.27,2.11,0.0,0.0,2015
USC00195524,4.61,3.45,3.13,3.36,0.38,7.84,4.20,1.34,3.07,2.78,0.0,0.0,2015
USW00094720,4.30,2.83,4.63,1.19,0.91,3.15,2.29,2.91,3.85,2.56,0.0,0.0,2015
USW00094723,2.15,1.16,1.75,2.12,1.72,5.31,1.94,2.38,3.51,0.15,0.0,0.0,2015
USW00094724,3.15,2.02,4.37,1.04,0.45,3.24,1.83,3.04,4.76,3.49,0.0,0.0,2015
USW00094726,2.31,1.22,4.14,1.94,0.67,4.30,2.48,4.13,6.69,1.48,0.0,0.0,2015
USW00054777,3.04,2.81,4.46,2.68,2.39,3.63,3.22,2.55,5.39,1.22,0.0,0.0,2015
USC00195285,4.69,3.72,2.63,3.21,0.28,9.77,2.08,3.13,1.14,3.11,0.0,0.0,2015
USC00192107,4.13,1.65,2.67,3.54,0.50,7.54,1.50,2.06,4.83,1.26,0.0,0.0,2015
USC00198573,4.24,2.69,1.92,1.82,0.56,8.07,4.57,2.65,4.97,1.68,0.0,0.0,2015
